{
  "Landing Page Template-c95c746c496043b6afd6ee04930edeed": {
    "contentType": "text/html",
    "id": "c95c746c496043b6afd6ee04930edeed",
    "shared": "true",
    "visibleToAuthenticatedUsers": true,
    "visibleToPublicUsers": true
  },
  "Main Nav-135e3aacfc3b4516bb3871045009e940": {
    "contentType": "text/html",
    "id": "135e3aacfc3b4516bb3871045009e940",
    "shared": "true",
    "visibleToAuthenticatedUsers": true,
    "visibleToPublicUsers": true
  },
  "Member Card Landing Page 1-a54fd4e81cb245d2a798e1810204dc1f": {
    "contentType": "text/html",
    "id": "a54fd4e81cb245d2a798e1810204dc1f",
    "shared": "true",
    "visibleToAuthenticatedUsers": true,
    "visibleToPublicUsers": true
  },
  "Member Card Landing Page 2-ab8c3f0ddc21428d8c7160263b928d41": {
    "contentType": "text/html",
    "id": "ab8c3f0ddc21428d8c7160263b928d41",
    "shared": "true",
    "visibleToAuthenticatedUsers": true,
    "visibleToPublicUsers": true
  },
  "Member Card Landing Page 3-18f5dba95c5c4b459d700ff744c18749": {
    "contentType": "text/html",
    "id": "18f5dba95c5c4b459d700ff744c18749",
    "shared": "true",
    "visibleToAuthenticatedUsers": true,
    "visibleToPublicUsers": true
  },
  "Member Card Small-fcc7e9c4af9b46b99386ab4efa2b2539": {
    "contentType": "text/html",
    "id": "fcc7e9c4af9b46b99386ab4efa2b2539",
    "shared": "true",
    "visibleToAuthenticatedUsers": true,
    "visibleToPublicUsers": true
  },
  "Member Card-57605fb0c4ae40148682f7958c03af11": {
    "contentType": "text/html",
    "id": "57605fb0c4ae40148682f7958c03af11",
    "shared": "true",
    "visibleToAuthenticatedUsers": true,
    "visibleToPublicUsers": true
  },
  "Mobile Menu-812dd7476ae44032978b19cb2fbc32f7": {
    "contentType": "text/html",
    "id": "812dd7476ae44032978b19cb2fbc32f7",
    "shared": "true",
    "visibleToAuthenticatedUsers": true,
    "visibleToPublicUsers": true
  },
  "Sub Page Template-03c69b87b4f8420186f9393f469c678d": {
    "contentType": "text/html",
    "id": "03c69b87b4f8420186f9393f469c678d",
    "shared": "true",
    "visibleToAuthenticatedUsers": true,
    "visibleToPublicUsers": true
  }
}