{
  "/css": {
    "basicAuthRealm": null,
    "cacheForSeconds": null,
    "contentType": null,
    "enableBasicAuth": false,
    "grantees": [
      {
        "allowed": "accessControl,read,write,delete",
        "name": "admin"
      }
    ],
    "id": "dcaf9573262343aa84798b8aff99fd5c",
    "includeInFrontendExport": true,
    "owner": {
      "name": "admin"
    },
    "type": "Folder",
    "useAsJavascriptLibrary": false,
    "visibleToAuthenticatedUsers": true,
    "visibleToPublicUsers": true
  },
  "/css/%23a": {
    "basicAuthRealm": null,
    "cacheForSeconds": null,
    "contentType": "application/octet-stream",
    "dontCache": false,
    "enableBasicAuth": false,
    "grantees": [
      {
        "allowed": "accessControl,read,write,delete",
        "name": "admin"
      }
    ],
    "id": "7632f77801884bbc8808d21432a2db73",
    "includeInFrontendExport": true,
    "isTemplate": false,
    "owner": {
      "name": "admin"
    },
    "type": "File",
    "useAsJavascriptLibrary": false,
    "visibleToAuthenticatedUsers": true,
    "visibleToPublicUsers": true
  },
  "/css/%23b": {
    "basicAuthRealm": null,
    "cacheForSeconds": null,
    "contentType": "application/octet-stream",
    "dontCache": false,
    "enableBasicAuth": false,
    "grantees": [
      {
        "allowed": "accessControl,read,write,delete",
        "name": "admin"
      }
    ],
    "id": "91c9d8581f3b48389a186010104fb0cd",
    "includeInFrontendExport": true,
    "isTemplate": false,
    "owner": {
      "name": "admin"
    },
    "type": "File",
    "useAsJavascriptLibrary": false,
    "visibleToAuthenticatedUsers": true,
    "visibleToPublicUsers": true
  },
  "/css/custom.css": {
    "basicAuthRealm": null,
    "cacheForSeconds": null,
    "contentType": "text/css",
    "dontCache": false,
    "enableBasicAuth": false,
    "grantees": [
      {
        "allowed": "accessControl,read,write,delete",
        "name": "admin"
      }
    ],
    "id": "2a2a63fae98c4b05a733d7f113b313e4",
    "includeInFrontendExport": false,
    "isTemplate": false,
    "owner": {
      "name": "admin"
    },
    "type": "File",
    "useAsJavascriptLibrary": false,
    "visibleToAuthenticatedUsers": true,
    "visibleToPublicUsers": true
  },
  "/css/dore.light.blue.min.css": {
    "basicAuthRealm": null,
    "cacheForSeconds": null,
    "contentType": "text/css",
    "dontCache": false,
    "enableBasicAuth": false,
    "grantees": [
      {
        "allowed": "accessControl,read,write,delete",
        "name": "admin"
      }
    ],
    "id": "5e0c50fcb2134855912abfc70637bcea",
    "includeInFrontendExport": true,
    "isTemplate": false,
    "owner": {
      "name": "admin"
    },
    "type": "File",
    "useAsJavascriptLibrary": false,
    "visibleToAuthenticatedUsers": true,
    "visibleToPublicUsers": true
  },
  "/css/main.css": {
    "basicAuthRealm": null,
    "cacheForSeconds": null,
    "contentType": "text/css",
    "dontCache": false,
    "enableBasicAuth": false,
    "grantees": [
      {
        "allowed": "accessControl,read,write,delete",
        "name": "admin"
      }
    ],
    "id": "cd592f5685844f79aef6c8fb4baa3b0f",
    "includeInFrontendExport": true,
    "isTemplate": false,
    "owner": {
      "name": "admin"
    },
    "type": "File",
    "useAsJavascriptLibrary": false,
    "visibleToAuthenticatedUsers": true,
    "visibleToPublicUsers": true
  },
  "/css/vendor": {
    "basicAuthRealm": null,
    "cacheForSeconds": null,
    "contentType": null,
    "enableBasicAuth": false,
    "grantees": [
      {
        "allowed": "accessControl,read,write,delete",
        "name": "admin"
      }
    ],
    "id": "8cc9404af08641bc99078124b23f5cb8",
    "includeInFrontendExport": true,
    "owner": {
      "name": "admin"
    },
    "type": "Folder",
    "useAsJavascriptLibrary": false,
    "visibleToAuthenticatedUsers": true,
    "visibleToPublicUsers": true
  },
  "/css/vendor/bootstrap-stars.css": {
    "basicAuthRealm": null,
    "cacheForSeconds": null,
    "contentType": "text/css",
    "dontCache": false,
    "enableBasicAuth": false,
    "grantees": [
      {
        "allowed": "accessControl,read,write,delete",
        "name": "admin"
      }
    ],
    "id": "5d105fdb0ed54c9f93fa4942d86f546e",
    "includeInFrontendExport": true,
    "isTemplate": false,
    "owner": {
      "name": "admin"
    },
    "type": "File",
    "useAsJavascriptLibrary": false,
    "visibleToAuthenticatedUsers": true,
    "visibleToPublicUsers": true
  },
  "/css/vendor/bootstrap.min.css": {
    "basicAuthRealm": null,
    "cacheForSeconds": null,
    "contentType": "text/css",
    "dontCache": false,
    "enableBasicAuth": false,
    "grantees": [
      {
        "allowed": "accessControl,read,write,delete",
        "name": "admin"
      }
    ],
    "id": "ebd68c747a794731afc275b7d688d60c",
    "includeInFrontendExport": true,
    "isTemplate": false,
    "owner": {
      "name": "admin"
    },
    "type": "File",
    "useAsJavascriptLibrary": false,
    "visibleToAuthenticatedUsers": true,
    "visibleToPublicUsers": true
  },
  "/css/vendor/owl.carousel.min.css": {
    "basicAuthRealm": null,
    "cacheForSeconds": null,
    "contentType": "text/css",
    "dontCache": false,
    "enableBasicAuth": false,
    "grantees": [
      {
        "allowed": "accessControl,read,write,delete",
        "name": "admin"
      }
    ],
    "id": "a59aa1ceba8a4a5aa42fec6168171ca6",
    "includeInFrontendExport": true,
    "isTemplate": false,
    "owner": {
      "name": "admin"
    },
    "type": "File",
    "useAsJavascriptLibrary": false,
    "visibleToAuthenticatedUsers": true,
    "visibleToPublicUsers": true
  },
  "/css/vendor/owl.video.play.png": {
    "basicAuthRealm": null,
    "cacheForSeconds": null,
    "contentType": "image/png",
    "dontCache": false,
    "enableBasicAuth": false,
    "grantees": [
      {
        "allowed": "accessControl,read,write,delete",
        "name": "admin"
      }
    ],
    "height": null,
    "id": "7c397d5e83464ad6b91615745d4aee16",
    "includeInFrontendExport": true,
    "isImage": true,
    "isTemplate": false,
    "isThumbnail": false,
    "owner": {
      "name": "admin"
    },
    "type": "Image",
    "useAsJavascriptLibrary": false,
    "visibleToAuthenticatedUsers": true,
    "visibleToPublicUsers": true,
    "width": null
  },
  "/css/vendor/video-js.css": {
    "basicAuthRealm": null,
    "cacheForSeconds": null,
    "contentType": "text/css",
    "dontCache": false,
    "enableBasicAuth": false,
    "grantees": [
      {
        "allowed": "accessControl,read,write,delete",
        "name": "admin"
      }
    ],
    "id": "69b8ebf16dcd4e779ec03c422faf97cc",
    "includeInFrontendExport": true,
    "isTemplate": false,
    "owner": {
      "name": "admin"
    },
    "type": "File",
    "useAsJavascriptLibrary": false,
    "visibleToAuthenticatedUsers": true,
    "visibleToPublicUsers": true
  },
  "/font": {
    "basicAuthRealm": null,
    "cacheForSeconds": null,
    "contentType": null,
    "enableBasicAuth": false,
    "grantees": [
      {
        "allowed": "accessControl,read,write,delete",
        "name": "admin"
      }
    ],
    "id": "e56ebf265ca641ac91264743e5fff76c",
    "includeInFrontendExport": true,
    "owner": {
      "name": "admin"
    },
    "type": "Folder",
    "useAsJavascriptLibrary": false,
    "visibleToAuthenticatedUsers": true,
    "visibleToPublicUsers": true
  },
  "/font/iconsmind": {
    "basicAuthRealm": null,
    "cacheForSeconds": null,
    "contentType": null,
    "enableBasicAuth": false,
    "grantees": [
      {
        "allowed": "accessControl,read,write,delete",
        "name": "admin"
      }
    ],
    "id": "d02299eb772f453782d8e37269e61121",
    "includeInFrontendExport": true,
    "owner": {
      "name": "admin"
    },
    "type": "Folder",
    "useAsJavascriptLibrary": false,
    "visibleToAuthenticatedUsers": true,
    "visibleToPublicUsers": true
  },
  "/font/iconsmind/icomoon.eot.-rdmvgc": {
    "basicAuthRealm": null,
    "cacheForSeconds": null,
    "contentType": "application/octet-stream",
    "dontCache": false,
    "enableBasicAuth": false,
    "grantees": [
      {
        "allowed": "accessControl,read,write,delete",
        "name": "admin"
      }
    ],
    "id": "dfb089293f424c9b8819b6807d48d9c2",
    "includeInFrontendExport": true,
    "isTemplate": false,
    "owner": {
      "name": "admin"
    },
    "type": "File",
    "useAsJavascriptLibrary": false,
    "visibleToAuthenticatedUsers": true,
    "visibleToPublicUsers": true
  },
  "/font/iconsmind/icomoon.svg.-rdmvgc": {
    "basicAuthRealm": null,
    "cacheForSeconds": null,
    "contentType": "image/svg+xml",
    "dontCache": false,
    "enableBasicAuth": false,
    "grantees": [
      {
        "allowed": "accessControl,read,write,delete",
        "name": "admin"
      }
    ],
    "height": null,
    "id": "a09ce50f7dcb4992b37d9d040a6a8cc9",
    "includeInFrontendExport": true,
    "isImage": true,
    "isTemplate": false,
    "isThumbnail": false,
    "owner": {
      "name": "admin"
    },
    "type": "Image",
    "useAsJavascriptLibrary": false,
    "visibleToAuthenticatedUsers": true,
    "visibleToPublicUsers": true,
    "width": null
  },
  "/font/iconsmind/icomoon.ttf.-rdmvgc": {
    "basicAuthRealm": null,
    "cacheForSeconds": null,
    "contentType": "application/x-font-ttf",
    "dontCache": false,
    "enableBasicAuth": false,
    "grantees": [
      {
        "allowed": "accessControl,read,write,delete",
        "name": "admin"
      }
    ],
    "id": "4a733988aa2b483681a803382500b86f",
    "includeInFrontendExport": true,
    "isTemplate": false,
    "owner": {
      "name": "admin"
    },
    "type": "File",
    "useAsJavascriptLibrary": false,
    "visibleToAuthenticatedUsers": true,
    "visibleToPublicUsers": true
  },
  "/font/iconsmind/icomoon.woff.-rdmvgc": {
    "basicAuthRealm": null,
    "cacheForSeconds": null,
    "contentType": "application/octet-stream",
    "dontCache": false,
    "enableBasicAuth": false,
    "grantees": [
      {
        "allowed": "accessControl,read,write,delete",
        "name": "admin"
      }
    ],
    "id": "685fb46b6a9d4758a0505c12a9f4facb",
    "includeInFrontendExport": true,
    "isTemplate": false,
    "owner": {
      "name": "admin"
    },
    "type": "File",
    "useAsJavascriptLibrary": false,
    "visibleToAuthenticatedUsers": true,
    "visibleToPublicUsers": true
  },
  "/font/iconsmind/style.css": {
    "basicAuthRealm": null,
    "cacheForSeconds": null,
    "contentType": "text/css",
    "dontCache": false,
    "enableBasicAuth": false,
    "grantees": [
      {
        "allowed": "accessControl,read,write,delete",
        "name": "admin"
      }
    ],
    "id": "e25805ac6758485faaba6e122ad128a1",
    "includeInFrontendExport": true,
    "isTemplate": false,
    "owner": {
      "name": "admin"
    },
    "type": "File",
    "useAsJavascriptLibrary": false,
    "visibleToAuthenticatedUsers": true,
    "visibleToPublicUsers": true
  },
  "/font/simple-line-icons": {
    "basicAuthRealm": null,
    "cacheForSeconds": null,
    "contentType": null,
    "enableBasicAuth": false,
    "grantees": [
      {
        "allowed": "accessControl,read,write,delete",
        "name": "admin"
      }
    ],
    "id": "13b108fa76d54d02bae01f011692c00b",
    "includeInFrontendExport": false,
    "owner": {
      "name": "admin"
    },
    "type": "Folder",
    "useAsJavascriptLibrary": false,
    "visibleToAuthenticatedUsers": true,
    "visibleToPublicUsers": true
  },
  "/font/simple-line-icons/css": {
    "basicAuthRealm": null,
    "cacheForSeconds": null,
    "contentType": null,
    "enableBasicAuth": false,
    "grantees": [
      {
        "allowed": "accessControl,read,write,delete",
        "name": "admin"
      }
    ],
    "id": "6fec5815d4794a319574ee6d6e9ed6c4",
    "includeInFrontendExport": true,
    "owner": {
      "name": "admin"
    },
    "type": "Folder",
    "useAsJavascriptLibrary": false,
    "visibleToAuthenticatedUsers": true,
    "visibleToPublicUsers": true
  },
  "/font/simple-line-icons/css/simple-line-icons.css": {
    "basicAuthRealm": null,
    "cacheForSeconds": null,
    "contentType": "text/css",
    "dontCache": false,
    "enableBasicAuth": false,
    "grantees": [
      {
        "allowed": "accessControl,read,write,delete",
        "name": "admin"
      }
    ],
    "id": "98547e3d775849848a2dd5519b1d4b2d",
    "includeInFrontendExport": true,
    "isTemplate": false,
    "owner": {
      "name": "admin"
    },
    "type": "File",
    "useAsJavascriptLibrary": false,
    "visibleToAuthenticatedUsers": true,
    "visibleToPublicUsers": true
  },
  "/font/simple-line-icons/fonts": {
    "basicAuthRealm": null,
    "cacheForSeconds": null,
    "contentType": null,
    "enableBasicAuth": false,
    "grantees": [
      {
        "allowed": "accessControl,read,write,delete",
        "name": "admin"
      }
    ],
    "id": "25a4aa445cd44d29a907c01002c7b5be",
    "includeInFrontendExport": true,
    "owner": {
      "name": "admin"
    },
    "type": "Folder",
    "useAsJavascriptLibrary": false,
    "visibleToAuthenticatedUsers": true,
    "visibleToPublicUsers": true
  },
  "/font/simple-line-icons/fonts/Simple-Line-Icons.eot": {
    "basicAuthRealm": null,
    "cacheForSeconds": null,
    "contentType": "application/octet-stream",
    "dontCache": false,
    "enableBasicAuth": false,
    "grantees": [
      {
        "allowed": "accessControl,read,write,delete",
        "name": "admin"
      }
    ],
    "id": "3f066f52e15b448a929e27809ca297f4",
    "includeInFrontendExport": true,
    "isTemplate": false,
    "owner": {
      "name": "admin"
    },
    "type": "File",
    "useAsJavascriptLibrary": false,
    "visibleToAuthenticatedUsers": true,
    "visibleToPublicUsers": true
  },
  "/font/simple-line-icons/fonts/Simple-Line-Icons.svg": {
    "basicAuthRealm": null,
    "cacheForSeconds": null,
    "contentType": "image/svg+xml",
    "dontCache": false,
    "enableBasicAuth": false,
    "grantees": [
      {
        "allowed": "accessControl,read,write,delete",
        "name": "admin"
      }
    ],
    "height": null,
    "id": "d27e952746054db9bc1eb55566be7b85",
    "includeInFrontendExport": true,
    "isImage": true,
    "isTemplate": false,
    "isThumbnail": false,
    "owner": {
      "name": "admin"
    },
    "type": "Image",
    "useAsJavascriptLibrary": false,
    "visibleToAuthenticatedUsers": true,
    "visibleToPublicUsers": true,
    "width": null
  },
  "/font/simple-line-icons/fonts/Simple-Line-Icons.ttf": {
    "basicAuthRealm": null,
    "cacheForSeconds": null,
    "contentType": "application/x-font-ttf",
    "dontCache": false,
    "enableBasicAuth": false,
    "grantees": [
      {
        "allowed": "accessControl,read,write,delete",
        "name": "admin"
      }
    ],
    "id": "11b22374edf94a508e36cc5b6a3ceaf9",
    "includeInFrontendExport": true,
    "isTemplate": false,
    "owner": {
      "name": "admin"
    },
    "type": "File",
    "useAsJavascriptLibrary": false,
    "visibleToAuthenticatedUsers": true,
    "visibleToPublicUsers": true
  },
  "/font/simple-line-icons/fonts/Simple-Line-Icons.woff": {
    "basicAuthRealm": null,
    "cacheForSeconds": null,
    "contentType": "application/octet-stream",
    "dontCache": false,
    "enableBasicAuth": false,
    "grantees": [
      {
        "allowed": "accessControl,read,write,delete",
        "name": "admin"
      }
    ],
    "id": "5792773f2568401ab734b32ec8def0be",
    "includeInFrontendExport": true,
    "isTemplate": false,
    "owner": {
      "name": "admin"
    },
    "type": "File",
    "useAsJavascriptLibrary": false,
    "visibleToAuthenticatedUsers": true,
    "visibleToPublicUsers": true
  },
  "/font/simple-line-icons/fonts/Simple-Line-Icons.woff2": {
    "basicAuthRealm": null,
    "cacheForSeconds": null,
    "contentType": "application/octet-stream",
    "dontCache": false,
    "enableBasicAuth": false,
    "grantees": [
      {
        "allowed": "accessControl,read,write,delete",
        "name": "admin"
      }
    ],
    "id": "dbe040a2a2484980a0c927dbf40bf4d0",
    "includeInFrontendExport": true,
    "isTemplate": false,
    "owner": {
      "name": "admin"
    },
    "type": "File",
    "useAsJavascriptLibrary": false,
    "visibleToAuthenticatedUsers": true,
    "visibleToPublicUsers": true
  },
  "/fonts.googleapis.com": {
    "basicAuthRealm": null,
    "cacheForSeconds": null,
    "contentType": null,
    "enableBasicAuth": false,
    "grantees": [
      {
        "allowed": "accessControl,read,write,delete",
        "name": "admin"
      }
    ],
    "id": "9c824d1207be4745a95d444a8b5488cd",
    "includeInFrontendExport": true,
    "owner": {
      "name": "admin"
    },
    "type": "Folder",
    "useAsJavascriptLibrary": false,
    "visibleToAuthenticatedUsers": true,
    "visibleToPublicUsers": true
  },
  "/fonts.googleapis.com/css.family.Nunito.300.400.400i.600.700": {
    "basicAuthRealm": null,
    "cacheForSeconds": null,
    "contentType": "text/plain",
    "dontCache": false,
    "enableBasicAuth": false,
    "grantees": [
      {
        "allowed": "accessControl,read,write,delete",
        "name": "admin"
      }
    ],
    "id": "8f1a8059f9a64364834706abba70ae11",
    "includeInFrontendExport": true,
    "isTemplate": false,
    "owner": {
      "name": "admin"
    },
    "type": "File",
    "useAsJavascriptLibrary": false,
    "visibleToAuthenticatedUsers": true,
    "visibleToPublicUsers": true
  },
  "/img": {
    "basicAuthRealm": null,
    "cacheForSeconds": null,
    "contentType": null,
    "enableBasicAuth": false,
    "grantees": [
      {
        "allowed": "accessControl,read,write,delete",
        "name": "admin"
      }
    ],
    "id": "14d54a985d59416aa66c3af708011393",
    "includeInFrontendExport": true,
    "owner": {
      "name": "admin"
    },
    "type": "Folder",
    "useAsJavascriptLibrary": false,
    "visibleToAuthenticatedUsers": true,
    "visibleToPublicUsers": true
  },
  "/img/balloon.jpg": {
    "basicAuthRealm": null,
    "cacheForSeconds": null,
    "contentType": "image/jpeg",
    "dontCache": false,
    "enableBasicAuth": false,
    "grantees": [
      {
        "allowed": "accessControl,read,write,delete",
        "name": "admin"
      }
    ],
    "height": 1080,
    "id": "d3b3aea459dd456788c367245efae35d",
    "includeInFrontendExport": true,
    "isImage": true,
    "isTemplate": false,
    "isThumbnail": false,
    "owner": {
      "name": "admin"
    },
    "type": "Image",
    "useAsJavascriptLibrary": false,
    "visibleToAuthenticatedUsers": true,
    "visibleToPublicUsers": true,
    "width": 1920
  },
  "/img/content-img": {
    "basicAuthRealm": null,
    "cacheForSeconds": null,
    "contentType": null,
    "enableBasicAuth": false,
    "grantees": [
      {
        "allowed": "accessControl,read,write,delete",
        "name": "admin"
      }
    ],
    "id": "8005ac9a189b4813ba85902fcd6904f6",
    "includeInFrontendExport": false,
    "owner": {
      "name": "admin"
    },
    "type": "Folder",
    "useAsJavascriptLibrary": false,
    "visibleToAuthenticatedUsers": true,
    "visibleToPublicUsers": true
  },
  "/img/content-img/NCBI Gene Database.png": {
    "basicAuthRealm": null,
    "cacheForSeconds": null,
    "contentType": "image/png",
    "dontCache": false,
    "enableBasicAuth": false,
    "grantees": [
      {
        "allowed": "accessControl,read,write,delete",
        "name": "admin"
      }
    ],
    "height": 2048,
    "id": "0567a5e4112b4a45a77f6d439e5cf098",
    "includeInFrontendExport": false,
    "isImage": true,
    "isTemplate": false,
    "isThumbnail": false,
    "owner": {
      "name": "admin"
    },
    "type": "Image",
    "useAsJavascriptLibrary": false,
    "visibleToAuthenticatedUsers": true,
    "visibleToPublicUsers": true,
    "width": 2660
  },
  "/img/content-img/ensembl-org.jpg": {
    "basicAuthRealm": null,
    "cacheForSeconds": null,
    "contentType": "image/jpeg",
    "dontCache": false,
    "enableBasicAuth": false,
    "grantees": [
      {
        "allowed": "accessControl,read,write,delete",
        "name": "admin"
      }
    ],
    "height": 1537,
    "id": "1a42339e2ecb494bafd111fe1b917acb",
    "includeInFrontendExport": false,
    "isImage": true,
    "isTemplate": false,
    "isThumbnail": false,
    "owner": {
      "name": "admin"
    },
    "type": "Image",
    "useAsJavascriptLibrary": false,
    "visibleToAuthenticatedUsers": true,
    "visibleToPublicUsers": true,
    "width": 2665
  },
  "/img/content-img/gene-ontology-org.jpg": {
    "basicAuthRealm": null,
    "cacheForSeconds": null,
    "contentType": "image/jpeg",
    "dontCache": false,
    "enableBasicAuth": false,
    "grantees": [
      {
        "allowed": "accessControl,read,write,delete",
        "name": "admin"
      }
    ],
    "height": 2481,
    "id": "dc4e86f9df7c4e2cad40fcaf295804c4",
    "includeInFrontendExport": false,
    "isImage": true,
    "isTemplate": false,
    "isThumbnail": false,
    "owner": {
      "name": "admin"
    },
    "type": "Image",
    "useAsJavascriptLibrary": false,
    "visibleToAuthenticatedUsers": true,
    "visibleToPublicUsers": true,
    "width": 3116
  },
  "/img/content-img/github-john-s-hopkins.png": {
    "basicAuthRealm": null,
    "cacheForSeconds": null,
    "contentType": "image/png",
    "dontCache": false,
    "enableBasicAuth": false,
    "grantees": [
      {
        "allowed": "accessControl,read,write,delete",
        "name": "admin"
      }
    ],
    "height": 2246,
    "id": "bfd959739c404c57acfa5fbfa34cb1cb",
    "includeInFrontendExport": false,
    "isImage": true,
    "isTemplate": false,
    "isThumbnail": false,
    "owner": {
      "name": "admin"
    },
    "type": "Image",
    "useAsJavascriptLibrary": false,
    "visibleToAuthenticatedUsers": true,
    "visibleToPublicUsers": true,
    "width": 2644
  },
  "/img/content-img/graph3.png": {
    "basicAuthRealm": null,
    "cacheForSeconds": null,
    "contentType": "image/png",
    "dontCache": false,
    "enableBasicAuth": false,
    "grantees": [
      {
        "allowed": "accessControl,read,write,delete",
        "name": "admin"
      }
    ],
    "height": 1091,
    "id": "218514c2b74f46bebe618ec57d9ab6ad",
    "includeInFrontendExport": false,
    "isImage": true,
    "isTemplate": false,
    "isThumbnail": false,
    "owner": {
      "name": "admin"
    },
    "type": "Image",
    "useAsJavascriptLibrary": false,
    "visibleToAuthenticatedUsers": true,
    "visibleToPublicUsers": true,
    "width": 1455
  },
  "/img/content-img/neo4j-hero-01-mobile.png": {
    "basicAuthRealm": null,
    "cacheForSeconds": null,
    "contentType": "image/png",
    "dontCache": false,
    "enableBasicAuth": false,
    "grantees": [
      {
        "allowed": "accessControl,read,write,delete",
        "name": "admin"
      }
    ],
    "height": 573,
    "id": "a6104cf58dc6489d800a005935b223ab",
    "includeInFrontendExport": false,
    "isImage": true,
    "isTemplate": false,
    "isThumbnail": false,
    "owner": {
      "name": "admin"
    },
    "type": "Image",
    "useAsJavascriptLibrary": false,
    "visibleToAuthenticatedUsers": true,
    "visibleToPublicUsers": true,
    "width": 960
  },
  "/img/content-img/neo4j-hero-01.png": {
    "basicAuthRealm": null,
    "cacheForSeconds": null,
    "contentType": "image/png",
    "dontCache": false,
    "enableBasicAuth": false,
    "grantees": [
      {
        "allowed": "accessControl,read,write,delete",
        "name": "admin"
      }
    ],
    "height": 1782,
    "id": "785b87d97e5445d9913ddf6b8233e34d",
    "includeInFrontendExport": false,
    "isImage": true,
    "isTemplate": false,
    "isThumbnail": false,
    "owner": {
      "name": "admin"
    },
    "type": "Image",
    "useAsJavascriptLibrary": false,
    "visibleToAuthenticatedUsers": true,
    "visibleToPublicUsers": true,
    "width": 2984
  },
  "/img/content-img/schema-graph-yed.png": {
    "basicAuthRealm": null,
    "cacheForSeconds": null,
    "contentType": "image/png",
    "dontCache": false,
    "enableBasicAuth": false,
    "grantees": [
      {
        "allowed": "accessControl,read,write,delete",
        "name": "admin"
      }
    ],
    "height": 2504,
    "id": "a401779e48f240c383175cace21a517f",
    "includeInFrontendExport": false,
    "isImage": true,
    "isTemplate": false,
    "isThumbnail": false,
    "owner": {
      "name": "admin"
    },
    "type": "Image",
    "useAsJavascriptLibrary": false,
    "visibleToAuthenticatedUsers": true,
    "visibleToPublicUsers": true,
    "width": 4864
  },
  "/img/content-img/semantic-scholar-corona.jpg": {
    "basicAuthRealm": null,
    "cacheForSeconds": null,
    "contentType": "image/jpeg",
    "dontCache": false,
    "enableBasicAuth": false,
    "grantees": [
      {
        "allowed": "accessControl,read,write,delete",
        "name": "admin"
      }
    ],
    "height": 1581,
    "id": "8417ff77fc0c45c3b4dffcdeab895929",
    "includeInFrontendExport": false,
    "isImage": true,
    "isTemplate": false,
    "isThumbnail": false,
    "owner": {
      "name": "admin"
    },
    "type": "Image",
    "useAsJavascriptLibrary": false,
    "visibleToAuthenticatedUsers": true,
    "visibleToPublicUsers": true,
    "width": 2660
  },
  "/img/content-img/semantic-scholar-corona.png": {
    "basicAuthRealm": null,
    "cacheForSeconds": null,
    "contentType": "image/png",
    "dontCache": false,
    "enableBasicAuth": false,
    "grantees": [
      {
        "allowed": "accessControl,read,write,delete",
        "name": "admin"
      }
    ],
    "height": 2492,
    "id": "aaf9e377a24a4fe49a16920709ccac67",
    "includeInFrontendExport": false,
    "isImage": true,
    "isTemplate": false,
    "isThumbnail": false,
    "owner": {
      "name": "admin"
    },
    "type": "Image",
    "useAsJavascriptLibrary": false,
    "visibleToAuthenticatedUsers": true,
    "visibleToPublicUsers": true,
    "width": 2920
  },
  "/img/content-img/the-lens-covid-19.jpg": {
    "basicAuthRealm": null,
    "cacheForSeconds": null,
    "contentType": "image/jpeg",
    "dontCache": false,
    "enableBasicAuth": false,
    "grantees": [
      {
        "allowed": "accessControl,read,write,delete",
        "name": "admin"
      }
    ],
    "height": 1880,
    "id": "fc7c1118d19c4fefa07a9a0e503dc306",
    "includeInFrontendExport": false,
    "isImage": true,
    "isTemplate": false,
    "isThumbnail": false,
    "owner": {
      "name": "admin"
    },
    "type": "Image",
    "useAsJavascriptLibrary": false,
    "visibleToAuthenticatedUsers": true,
    "visibleToPublicUsers": true,
    "width": 2662
  },
  "/img/content-img/united-nations-population-data.png": {
    "basicAuthRealm": null,
    "cacheForSeconds": null,
    "contentType": "image/png",
    "dontCache": false,
    "enableBasicAuth": false,
    "grantees": [
      {
        "allowed": "accessControl,read,write,delete",
        "name": "admin"
      }
    ],
    "height": 1798,
    "id": "21d7fd97b42844559b68b1f43843b577",
    "includeInFrontendExport": false,
    "isImage": true,
    "isTemplate": false,
    "isThumbnail": false,
    "owner": {
      "name": "admin"
    },
    "type": "Image",
    "useAsJavascriptLibrary": false,
    "visibleToAuthenticatedUsers": true,
    "visibleToPublicUsers": true,
    "width": 2668
  },
  "/img/coronavirus-header-big.jpg": {
    "basicAuthRealm": null,
    "cacheForSeconds": null,
    "contentType": "image/jpeg",
    "dontCache": false,
    "enableBasicAuth": false,
    "grantees": [
      {
        "allowed": "accessControl,read,write,delete",
        "name": "admin"
      }
    ],
    "height": 1280,
    "id": "a0013713d57f4fa4be2a8c5a7b9592aa",
    "includeInFrontendExport": false,
    "isImage": true,
    "isTemplate": false,
    "isThumbnail": false,
    "owner": {
      "name": "admin"
    },
    "type": "Image",
    "useAsJavascriptLibrary": false,
    "visibleToAuthenticatedUsers": true,
    "visibleToPublicUsers": true,
    "width": 3840
  },
  "/img/landing-page": {
    "basicAuthRealm": null,
    "cacheForSeconds": null,
    "contentType": null,
    "enableBasicAuth": false,
    "grantees": [
      {
        "allowed": "accessControl,read,write,delete",
        "name": "admin"
      }
    ],
    "id": "4cf6db6fefc845f791c97561b0a02bfb",
    "includeInFrontendExport": true,
    "owner": {
      "name": "admin"
    },
    "type": "Folder",
    "useAsJavascriptLibrary": false,
    "visibleToAuthenticatedUsers": true,
    "visibleToPublicUsers": true
  },
  "/img/landing-page/application-chat.jpg": {
    "basicAuthRealm": null,
    "cacheForSeconds": null,
    "contentType": "image/jpeg",
    "dontCache": false,
    "enableBasicAuth": false,
    "grantees": [
      {
        "allowed": "accessControl,read,write,delete",
        "name": "admin"
      }
    ],
    "height": 799,
    "id": "a01a02d4cfc74a438ebd1ea32236d0bb",
    "includeInFrontendExport": true,
    "isImage": true,
    "isTemplate": false,
    "isThumbnail": false,
    "owner": {
      "name": "admin"
    },
    "type": "Image",
    "useAsJavascriptLibrary": false,
    "visibleToAuthenticatedUsers": true,
    "visibleToPublicUsers": true,
    "width": 1424
  },
  "/img/landing-page/application-library.jpg": {
    "basicAuthRealm": null,
    "cacheForSeconds": null,
    "contentType": "image/jpeg",
    "dontCache": false,
    "enableBasicAuth": false,
    "grantees": [
      {
        "allowed": "accessControl,read,write,delete",
        "name": "admin"
      }
    ],
    "height": 799,
    "id": "038b9f9877534948b921386835f49ac4",
    "includeInFrontendExport": true,
    "isImage": true,
    "isTemplate": false,
    "isThumbnail": false,
    "owner": {
      "name": "admin"
    },
    "type": "Image",
    "useAsJavascriptLibrary": false,
    "visibleToAuthenticatedUsers": true,
    "visibleToPublicUsers": true,
    "width": 1424
  },
  "/img/landing-page/application-survey.jpg": {
    "basicAuthRealm": null,
    "cacheForSeconds": null,
    "contentType": "image/jpeg",
    "dontCache": false,
    "enableBasicAuth": false,
    "grantees": [
      {
        "allowed": "accessControl,read,write,delete",
        "name": "admin"
      }
    ],
    "height": 799,
    "id": "2195357a3b664ea9ba767b8e886b31ad",
    "includeInFrontendExport": true,
    "isImage": true,
    "isTemplate": false,
    "isThumbnail": false,
    "owner": {
      "name": "admin"
    },
    "type": "Image",
    "useAsJavascriptLibrary": false,
    "visibleToAuthenticatedUsers": true,
    "visibleToPublicUsers": true,
    "width": 1424
  },
  "/img/landing-page/application-todo.jpg": {
    "basicAuthRealm": null,
    "cacheForSeconds": null,
    "contentType": "image/jpeg",
    "dontCache": false,
    "enableBasicAuth": false,
    "grantees": [
      {
        "allowed": "accessControl,read,write,delete",
        "name": "admin"
      }
    ],
    "height": 799,
    "id": "f78faf2e59114bbc8c18fd60265ce7a9",
    "includeInFrontendExport": true,
    "isImage": true,
    "isTemplate": false,
    "isThumbnail": false,
    "owner": {
      "name": "admin"
    },
    "type": "Image",
    "useAsJavascriptLibrary": false,
    "visibleToAuthenticatedUsers": true,
    "visibleToPublicUsers": true,
    "width": 1424
  },
  "/img/landing-page/components.jpg": {
    "basicAuthRealm": null,
    "cacheForSeconds": null,
    "contentType": "image/jpeg",
    "dontCache": false,
    "enableBasicAuth": false,
    "grantees": [
      {
        "allowed": "accessControl,read,write,delete",
        "name": "admin"
      }
    ],
    "height": 1580,
    "id": "88db13f688f543e292c0fbbdf2ede5e9",
    "includeInFrontendExport": true,
    "isImage": true,
    "isTemplate": false,
    "isThumbnail": false,
    "owner": {
      "name": "admin"
    },
    "type": "Image",
    "useAsJavascriptLibrary": false,
    "visibleToAuthenticatedUsers": true,
    "visibleToPublicUsers": true,
    "width": 2500
  },
  "/img/landing-page/feature-2.png": {
    "basicAuthRealm": null,
    "cacheForSeconds": null,
    "contentType": "image/png",
    "dontCache": false,
    "enableBasicAuth": false,
    "grantees": [
      {
        "allowed": "accessControl,read,write,delete",
        "name": "admin"
      }
    ],
    "height": 600,
    "id": "85b50318877f4bcf9cc0381e132db6c1",
    "includeInFrontendExport": true,
    "isImage": true,
    "isTemplate": false,
    "isThumbnail": false,
    "owner": {
      "name": "admin"
    },
    "type": "Image",
    "useAsJavascriptLibrary": false,
    "visibleToAuthenticatedUsers": true,
    "visibleToPublicUsers": true,
    "width": 740
  },
  "/img/landing-page/feature-3.png": {
    "basicAuthRealm": null,
    "cacheForSeconds": null,
    "contentType": "image/png",
    "dontCache": false,
    "enableBasicAuth": false,
    "grantees": [
      {
        "allowed": "accessControl,read,write,delete",
        "name": "admin"
      }
    ],
    "height": 600,
    "id": "b50ed22d0c1d4ebabf0cb2b803640143",
    "includeInFrontendExport": true,
    "isImage": true,
    "isTemplate": false,
    "isThumbnail": false,
    "owner": {
      "name": "admin"
    },
    "type": "Image",
    "useAsJavascriptLibrary": false,
    "visibleToAuthenticatedUsers": true,
    "visibleToPublicUsers": true,
    "width": 740
  },
  "/img/landing-page/feature.png": {
    "basicAuthRealm": null,
    "cacheForSeconds": null,
    "contentType": "image/png",
    "dontCache": false,
    "enableBasicAuth": false,
    "grantees": [
      {
        "allowed": "accessControl,read,write,delete",
        "name": "admin"
      }
    ],
    "height": 600,
    "id": "51b468c90bf94026844c54918e6acdc1",
    "includeInFrontendExport": true,
    "isImage": true,
    "isTemplate": false,
    "isThumbnail": false,
    "owner": {
      "name": "admin"
    },
    "type": "Image",
    "useAsJavascriptLibrary": false,
    "visibleToAuthenticatedUsers": true,
    "visibleToPublicUsers": true,
    "width": 740
  },
  "/img/landing-page/home-hero-mobile.png": {
    "basicAuthRealm": null,
    "cacheForSeconds": null,
    "contentType": "image/png",
    "dontCache": false,
    "enableBasicAuth": false,
    "grantees": [
      {
        "allowed": "accessControl,read,write,delete",
        "name": "admin"
      }
    ],
    "height": 560,
    "id": "de48870b69004de99538b3cde0681730",
    "includeInFrontendExport": true,
    "isImage": true,
    "isTemplate": false,
    "isThumbnail": false,
    "owner": {
      "name": "admin"
    },
    "type": "Image",
    "useAsJavascriptLibrary": false,
    "visibleToAuthenticatedUsers": true,
    "visibleToPublicUsers": true,
    "width": 901
  },
  "/img/landing-page/home-hero.png": {
    "basicAuthRealm": null,
    "cacheForSeconds": null,
    "contentType": "image/png",
    "dontCache": false,
    "enableBasicAuth": false,
    "grantees": [
      {
        "allowed": "accessControl,read,write,delete",
        "name": "admin"
      }
    ],
    "height": 560,
    "id": "d334dc053d364225af2deb27cbc22483",
    "includeInFrontendExport": true,
    "isImage": true,
    "isTemplate": false,
    "isThumbnail": false,
    "owner": {
      "name": "admin"
    },
    "type": "Image",
    "useAsJavascriptLibrary": false,
    "visibleToAuthenticatedUsers": true,
    "visibleToPublicUsers": true,
    "width": 901
  },
  "/img/landing-page/layout-1.jpg": {
    "basicAuthRealm": null,
    "cacheForSeconds": null,
    "contentType": "image/jpeg",
    "dontCache": false,
    "enableBasicAuth": false,
    "grantees": [
      {
        "allowed": "accessControl,read,write,delete",
        "name": "admin"
      }
    ],
    "height": 436,
    "id": "27290cea24084fee9e760aff993d4dd2",
    "includeInFrontendExport": true,
    "isImage": true,
    "isTemplate": false,
    "isThumbnail": false,
    "owner": {
      "name": "admin"
    },
    "type": "Image",
    "useAsJavascriptLibrary": false,
    "visibleToAuthenticatedUsers": true,
    "visibleToPublicUsers": true,
    "width": 600
  },
  "/img/landing-page/layout-10.jpg": {
    "basicAuthRealm": null,
    "cacheForSeconds": null,
    "contentType": "image/jpeg",
    "dontCache": false,
    "enableBasicAuth": false,
    "grantees": [
      {
        "allowed": "accessControl,read,write,delete",
        "name": "admin"
      }
    ],
    "height": 436,
    "id": "9b28569ec1af477bbd23ca4d20d5106b",
    "includeInFrontendExport": true,
    "isImage": true,
    "isTemplate": false,
    "isThumbnail": false,
    "owner": {
      "name": "admin"
    },
    "type": "Image",
    "useAsJavascriptLibrary": false,
    "visibleToAuthenticatedUsers": true,
    "visibleToPublicUsers": true,
    "width": 600
  },
  "/img/landing-page/layout-11.jpg": {
    "basicAuthRealm": null,
    "cacheForSeconds": null,
    "contentType": "image/jpeg",
    "dontCache": false,
    "enableBasicAuth": false,
    "grantees": [
      {
        "allowed": "accessControl,read,write,delete",
        "name": "admin"
      }
    ],
    "height": 436,
    "id": "3d6242e81c7e4dc596bf04c8bfd7bae1",
    "includeInFrontendExport": true,
    "isImage": true,
    "isTemplate": false,
    "isThumbnail": false,
    "owner": {
      "name": "admin"
    },
    "type": "Image",
    "useAsJavascriptLibrary": false,
    "visibleToAuthenticatedUsers": true,
    "visibleToPublicUsers": true,
    "width": 600
  },
  "/img/landing-page/layout-12.jpg": {
    "basicAuthRealm": null,
    "cacheForSeconds": null,
    "contentType": "image/jpeg",
    "dontCache": false,
    "enableBasicAuth": false,
    "grantees": [
      {
        "allowed": "accessControl,read,write,delete",
        "name": "admin"
      }
    ],
    "height": 436,
    "id": "b3f06dd9601345b3add2b99b67f9bc4d",
    "includeInFrontendExport": true,
    "isImage": true,
    "isTemplate": false,
    "isThumbnail": false,
    "owner": {
      "name": "admin"
    },
    "type": "Image",
    "useAsJavascriptLibrary": false,
    "visibleToAuthenticatedUsers": true,
    "visibleToPublicUsers": true,
    "width": 600
  },
  "/img/landing-page/layout-2.jpg": {
    "basicAuthRealm": null,
    "cacheForSeconds": null,
    "contentType": "image/jpeg",
    "dontCache": false,
    "enableBasicAuth": false,
    "grantees": [
      {
        "allowed": "accessControl,read,write,delete",
        "name": "admin"
      }
    ],
    "height": 436,
    "id": "7764656d2edf4db2a7943704f9115643",
    "includeInFrontendExport": true,
    "isImage": true,
    "isTemplate": false,
    "isThumbnail": false,
    "owner": {
      "name": "admin"
    },
    "type": "Image",
    "useAsJavascriptLibrary": false,
    "visibleToAuthenticatedUsers": true,
    "visibleToPublicUsers": true,
    "width": 600
  },
  "/img/landing-page/layout-3.jpg": {
    "basicAuthRealm": null,
    "cacheForSeconds": null,
    "contentType": "image/jpeg",
    "dontCache": false,
    "enableBasicAuth": false,
    "grantees": [
      {
        "allowed": "accessControl,read,write,delete",
        "name": "admin"
      }
    ],
    "height": 436,
    "id": "cff0c9bc59eb40f394a324312c1382fc",
    "includeInFrontendExport": true,
    "isImage": true,
    "isTemplate": false,
    "isThumbnail": false,
    "owner": {
      "name": "admin"
    },
    "type": "Image",
    "useAsJavascriptLibrary": false,
    "visibleToAuthenticatedUsers": true,
    "visibleToPublicUsers": true,
    "width": 600
  },
  "/img/landing-page/layout-4.jpg": {
    "basicAuthRealm": null,
    "cacheForSeconds": null,
    "contentType": "image/jpeg",
    "dontCache": false,
    "enableBasicAuth": false,
    "grantees": [
      {
        "allowed": "accessControl,read,write,delete",
        "name": "admin"
      }
    ],
    "height": 436,
    "id": "7af8a411ab1248baad5d6db3fe92d572",
    "includeInFrontendExport": true,
    "isImage": true,
    "isTemplate": false,
    "isThumbnail": false,
    "owner": {
      "name": "admin"
    },
    "type": "Image",
    "useAsJavascriptLibrary": false,
    "visibleToAuthenticatedUsers": true,
    "visibleToPublicUsers": true,
    "width": 600
  },
  "/img/landing-page/layout-5.jpg": {
    "basicAuthRealm": null,
    "cacheForSeconds": null,
    "contentType": "image/jpeg",
    "dontCache": false,
    "enableBasicAuth": false,
    "grantees": [
      {
        "allowed": "accessControl,read,write,delete",
        "name": "admin"
      }
    ],
    "height": 436,
    "id": "d7aed605bca24f43a489f4a690d96cbd",
    "includeInFrontendExport": true,
    "isImage": true,
    "isTemplate": false,
    "isThumbnail": false,
    "owner": {
      "name": "admin"
    },
    "type": "Image",
    "useAsJavascriptLibrary": false,
    "visibleToAuthenticatedUsers": true,
    "visibleToPublicUsers": true,
    "width": 600
  },
  "/img/landing-page/layout-6.jpg": {
    "basicAuthRealm": null,
    "cacheForSeconds": null,
    "contentType": "image/jpeg",
    "dontCache": false,
    "enableBasicAuth": false,
    "grantees": [
      {
        "allowed": "accessControl,read,write,delete",
        "name": "admin"
      }
    ],
    "height": 436,
    "id": "a6da2af40d8d48fe9b6f022c02b628f0",
    "includeInFrontendExport": true,
    "isImage": true,
    "isTemplate": false,
    "isThumbnail": false,
    "owner": {
      "name": "admin"
    },
    "type": "Image",
    "useAsJavascriptLibrary": false,
    "visibleToAuthenticatedUsers": true,
    "visibleToPublicUsers": true,
    "width": 600
  },
  "/img/landing-page/layout-7.jpg": {
    "basicAuthRealm": null,
    "cacheForSeconds": null,
    "contentType": "image/jpeg",
    "dontCache": false,
    "enableBasicAuth": false,
    "grantees": [
      {
        "allowed": "accessControl,read,write,delete",
        "name": "admin"
      }
    ],
    "height": 436,
    "id": "5dbae793bf4c4802ab7fcc39d4186a05",
    "includeInFrontendExport": true,
    "isImage": true,
    "isTemplate": false,
    "isThumbnail": false,
    "owner": {
      "name": "admin"
    },
    "type": "Image",
    "useAsJavascriptLibrary": false,
    "visibleToAuthenticatedUsers": true,
    "visibleToPublicUsers": true,
    "width": 600
  },
  "/img/landing-page/layout-8.jpg": {
    "basicAuthRealm": null,
    "cacheForSeconds": null,
    "contentType": "image/jpeg",
    "dontCache": false,
    "enableBasicAuth": false,
    "grantees": [
      {
        "allowed": "accessControl,read,write,delete",
        "name": "admin"
      }
    ],
    "height": 436,
    "id": "f6a8fdebf88740f69b77939e4e2d8883",
    "includeInFrontendExport": true,
    "isImage": true,
    "isTemplate": false,
    "isThumbnail": false,
    "owner": {
      "name": "admin"
    },
    "type": "Image",
    "useAsJavascriptLibrary": false,
    "visibleToAuthenticatedUsers": true,
    "visibleToPublicUsers": true,
    "width": 600
  },
  "/img/landing-page/layout-9.jpg": {
    "basicAuthRealm": null,
    "cacheForSeconds": null,
    "contentType": "image/jpeg",
    "dontCache": false,
    "enableBasicAuth": false,
    "grantees": [
      {
        "allowed": "accessControl,read,write,delete",
        "name": "admin"
      }
    ],
    "height": 436,
    "id": "50574a77d5cd4e5196997f0ce9f21665",
    "includeInFrontendExport": true,
    "isImage": true,
    "isTemplate": false,
    "isThumbnail": false,
    "owner": {
      "name": "admin"
    },
    "type": "Image",
    "useAsJavascriptLibrary": false,
    "visibleToAuthenticatedUsers": true,
    "visibleToPublicUsers": true,
    "width": 600
  },
  "/img/landing-page/logo-footer.svg": {
    "basicAuthRealm": null,
    "cacheForSeconds": null,
    "contentType": "image/svg+xml",
    "dontCache": false,
    "enableBasicAuth": false,
    "grantees": [
      {
        "allowed": "accessControl,read,write,delete",
        "name": "admin"
      }
    ],
    "height": null,
    "id": "640db1de839d426b94def23bde583509",
    "includeInFrontendExport": true,
    "isImage": true,
    "isTemplate": false,
    "isThumbnail": false,
    "owner": {
      "name": "admin"
    },
    "type": "Image",
    "useAsJavascriptLibrary": false,
    "visibleToAuthenticatedUsers": true,
    "visibleToPublicUsers": true,
    "width": null
  },
  "/img/landing-page/theme-blue-dark.jpg": {
    "basicAuthRealm": null,
    "cacheForSeconds": null,
    "contentType": "image/jpeg",
    "dontCache": false,
    "enableBasicAuth": false,
    "grantees": [
      {
        "allowed": "accessControl,read,write,delete",
        "name": "admin"
      }
    ],
    "height": 391,
    "id": "ae01fe0e7191487c9bc616e0e47b43b9",
    "includeInFrontendExport": true,
    "isImage": true,
    "isTemplate": false,
    "isThumbnail": false,
    "owner": {
      "name": "admin"
    },
    "type": "Image",
    "useAsJavascriptLibrary": false,
    "visibleToAuthenticatedUsers": true,
    "visibleToPublicUsers": true,
    "width": 800
  },
  "/img/landing-page/theme-blue-light.jpg": {
    "basicAuthRealm": null,
    "cacheForSeconds": null,
    "contentType": "image/jpeg",
    "dontCache": false,
    "enableBasicAuth": false,
    "grantees": [
      {
        "allowed": "accessControl,read,write,delete",
        "name": "admin"
      }
    ],
    "height": 391,
    "id": "d4cb5af3de6f46c9bac84d6b1e2be914",
    "includeInFrontendExport": true,
    "isImage": true,
    "isTemplate": false,
    "isThumbnail": false,
    "owner": {
      "name": "admin"
    },
    "type": "Image",
    "useAsJavascriptLibrary": false,
    "visibleToAuthenticatedUsers": true,
    "visibleToPublicUsers": true,
    "width": 800
  },
  "/img/landing-page/theme-green-dark.jpg": {
    "basicAuthRealm": null,
    "cacheForSeconds": null,
    "contentType": "image/jpeg",
    "dontCache": false,
    "enableBasicAuth": false,
    "grantees": [
      {
        "allowed": "accessControl,read,write,delete",
        "name": "admin"
      }
    ],
    "height": 391,
    "id": "6493b97dff7d4da2b241ec01256c4665",
    "includeInFrontendExport": true,
    "isImage": true,
    "isTemplate": false,
    "isThumbnail": false,
    "owner": {
      "name": "admin"
    },
    "type": "Image",
    "useAsJavascriptLibrary": false,
    "visibleToAuthenticatedUsers": true,
    "visibleToPublicUsers": true,
    "width": 800
  },
  "/img/landing-page/theme-green-light.jpg": {
    "basicAuthRealm": null,
    "cacheForSeconds": null,
    "contentType": "image/jpeg",
    "dontCache": false,
    "enableBasicAuth": false,
    "grantees": [
      {
        "allowed": "accessControl,read,write,delete",
        "name": "admin"
      }
    ],
    "height": 391,
    "id": "8e2641326ef34a1aa3cf879b16613782",
    "includeInFrontendExport": true,
    "isImage": true,
    "isTemplate": false,
    "isThumbnail": false,
    "owner": {
      "name": "admin"
    },
    "type": "Image",
    "useAsJavascriptLibrary": false,
    "visibleToAuthenticatedUsers": true,
    "visibleToPublicUsers": true,
    "width": 800
  },
  "/img/landing-page/theme-orange-dark.jpg": {
    "basicAuthRealm": null,
    "cacheForSeconds": null,
    "contentType": "image/jpeg",
    "dontCache": false,
    "enableBasicAuth": false,
    "grantees": [
      {
        "allowed": "accessControl,read,write,delete",
        "name": "admin"
      }
    ],
    "height": 391,
    "id": "14244dadeb404a8dbfebd2a4002f18d4",
    "includeInFrontendExport": true,
    "isImage": true,
    "isTemplate": false,
    "isThumbnail": false,
    "owner": {
      "name": "admin"
    },
    "type": "Image",
    "useAsJavascriptLibrary": false,
    "visibleToAuthenticatedUsers": true,
    "visibleToPublicUsers": true,
    "width": 800
  },
  "/img/landing-page/theme-orange-light.jpg": {
    "basicAuthRealm": null,
    "cacheForSeconds": null,
    "contentType": "image/jpeg",
    "dontCache": false,
    "enableBasicAuth": false,
    "grantees": [
      {
        "allowed": "accessControl,read,write,delete",
        "name": "admin"
      }
    ],
    "height": 391,
    "id": "b336e56779a245eb8e31c7ef1c48423d",
    "includeInFrontendExport": true,
    "isImage": true,
    "isTemplate": false,
    "isThumbnail": false,
    "owner": {
      "name": "admin"
    },
    "type": "Image",
    "useAsJavascriptLibrary": false,
    "visibleToAuthenticatedUsers": true,
    "visibleToPublicUsers": true,
    "width": 800
  },
  "/img/landing-page/theme-purple-dark.jpg": {
    "basicAuthRealm": null,
    "cacheForSeconds": null,
    "contentType": "image/jpeg",
    "dontCache": false,
    "enableBasicAuth": false,
    "grantees": [
      {
        "allowed": "accessControl,read,write,delete",
        "name": "admin"
      }
    ],
    "height": 391,
    "id": "5b13cd77e8fc4304bebf4f91856d689f",
    "includeInFrontendExport": true,
    "isImage": true,
    "isTemplate": false,
    "isThumbnail": false,
    "owner": {
      "name": "admin"
    },
    "type": "Image",
    "useAsJavascriptLibrary": false,
    "visibleToAuthenticatedUsers": true,
    "visibleToPublicUsers": true,
    "width": 800
  },
  "/img/landing-page/theme-purple-light.jpg": {
    "basicAuthRealm": null,
    "cacheForSeconds": null,
    "contentType": "image/jpeg",
    "dontCache": false,
    "enableBasicAuth": false,
    "grantees": [
      {
        "allowed": "accessControl,read,write,delete",
        "name": "admin"
      }
    ],
    "height": 391,
    "id": "1ce7385afb80424c989d46b4ef05b821",
    "includeInFrontendExport": true,
    "isImage": true,
    "isTemplate": false,
    "isThumbnail": false,
    "owner": {
      "name": "admin"
    },
    "type": "Image",
    "useAsJavascriptLibrary": false,
    "visibleToAuthenticatedUsers": true,
    "visibleToPublicUsers": true,
    "width": 800
  },
  "/img/landing-page/theme-red-dark.jpg": {
    "basicAuthRealm": null,
    "cacheForSeconds": null,
    "contentType": "image/jpeg",
    "dontCache": false,
    "enableBasicAuth": false,
    "grantees": [
      {
        "allowed": "accessControl,read,write,delete",
        "name": "admin"
      }
    ],
    "height": 391,
    "id": "5410fa652316454c9c46a6da55e86455",
    "includeInFrontendExport": true,
    "isImage": true,
    "isTemplate": false,
    "isThumbnail": false,
    "owner": {
      "name": "admin"
    },
    "type": "Image",
    "useAsJavascriptLibrary": false,
    "visibleToAuthenticatedUsers": true,
    "visibleToPublicUsers": true,
    "width": 800
  },
  "/img/landing-page/theme-red-light.jpg": {
    "basicAuthRealm": null,
    "cacheForSeconds": null,
    "contentType": "image/jpeg",
    "dontCache": false,
    "enableBasicAuth": false,
    "grantees": [
      {
        "allowed": "accessControl,read,write,delete",
        "name": "admin"
      }
    ],
    "height": 391,
    "id": "55e7e217667948e7b6b26afb0274ad8f",
    "includeInFrontendExport": true,
    "isImage": true,
    "isTemplate": false,
    "isThumbnail": false,
    "owner": {
      "name": "admin"
    },
    "type": "Image",
    "useAsJavascriptLibrary": false,
    "visibleToAuthenticatedUsers": true,
    "visibleToPublicUsers": true,
    "width": 800
  },
  "/img/login-balloon.jpg": {
    "basicAuthRealm": null,
    "cacheForSeconds": null,
    "contentType": "image/jpeg",
    "dontCache": false,
    "enableBasicAuth": false,
    "grantees": [
      {
        "allowed": "accessControl,read,write,delete",
        "name": "admin"
      }
    ],
    "height": 740,
    "id": "8ab9d72a204a4187885722fd06459c25",
    "includeInFrontendExport": true,
    "isImage": true,
    "isTemplate": false,
    "isThumbnail": false,
    "owner": {
      "name": "admin"
    },
    "type": "Image",
    "useAsJavascriptLibrary": false,
    "visibleToAuthenticatedUsers": true,
    "visibleToPublicUsers": true,
    "width": 560
  },
  "/img/logo-black.svg": {
    "basicAuthRealm": null,
    "cacheForSeconds": null,
    "contentType": "image/svg+xml",
    "dontCache": false,
    "enableBasicAuth": false,
    "grantees": [
      {
        "allowed": "accessControl,read,write,delete",
        "name": "admin"
      }
    ],
    "height": null,
    "id": "b703fcc714f844d889b7f8f0b3103d8b",
    "includeInFrontendExport": true,
    "isImage": true,
    "isTemplate": false,
    "isThumbnail": false,
    "owner": {
      "name": "admin"
    },
    "type": "Image",
    "useAsJavascriptLibrary": false,
    "visibleToAuthenticatedUsers": true,
    "visibleToPublicUsers": true,
    "width": null
  },
  "/img/logo-mobile.svg": {
    "basicAuthRealm": null,
    "cacheForSeconds": null,
    "contentType": "image/svg+xml",
    "dontCache": false,
    "enableBasicAuth": false,
    "grantees": [
      {
        "allowed": "accessControl,read,write,delete",
        "name": "admin"
      }
    ],
    "height": null,
    "id": "7e9b5ada193d468b909938fae45fdcc7",
    "includeInFrontendExport": true,
    "isImage": true,
    "isTemplate": false,
    "isThumbnail": false,
    "owner": {
      "name": "admin"
    },
    "type": "Image",
    "useAsJavascriptLibrary": false,
    "visibleToAuthenticatedUsers": true,
    "visibleToPublicUsers": true,
    "width": null
  },
  "/img/logo-white.svg": {
    "basicAuthRealm": null,
    "cacheForSeconds": null,
    "contentType": "image/svg+xml",
    "dontCache": false,
    "enableBasicAuth": false,
    "grantees": [
      {
        "allowed": "accessControl,read,write,delete",
        "name": "admin"
      }
    ],
    "height": null,
    "id": "98771c2794b84dd482ae1752874c50ca",
    "includeInFrontendExport": true,
    "isImage": true,
    "isTemplate": false,
    "isThumbnail": false,
    "owner": {
      "name": "admin"
    },
    "type": "Image",
    "useAsJavascriptLibrary": false,
    "visibleToAuthenticatedUsers": true,
    "visibleToPublicUsers": true,
    "width": null
  },
  "/img/members": {
    "basicAuthRealm": null,
    "cacheForSeconds": null,
    "contentType": null,
    "enableBasicAuth": false,
    "grantees": [
      {
        "allowed": "accessControl,read,write,delete",
        "name": "admin"
      }
    ],
    "id": "c313847e43ff4e15a2f96b81813f50d1",
    "includeInFrontendExport": false,
    "owner": {
      "name": "admin"
    },
    "type": "Folder",
    "useAsJavascriptLibrary": false,
    "visibleToAuthenticatedUsers": true,
    "visibleToPublicUsers": true
  },
  "/img/members/2486305.png": {
    "basicAuthRealm": null,
    "cacheForSeconds": null,
    "contentType": "image/png",
    "dontCache": false,
    "enableBasicAuth": false,
    "grantees": [
      {
        "allowed": "accessControl,read,write,delete",
        "name": "admin"
      }
    ],
    "height": 96,
    "id": "820fa51c613e46faafd50021a0c4ee6b",
    "includeInFrontendExport": false,
    "isImage": true,
    "isTemplate": false,
    "isThumbnail": false,
    "owner": {
      "name": "admin"
    },
    "type": "Image",
    "useAsJavascriptLibrary": false,
    "visibleToAuthenticatedUsers": true,
    "visibleToPublicUsers": true,
    "width": 96
  },
  "/img/members/alessandro.jpg": {
    "basicAuthRealm": null,
    "cacheForSeconds": null,
    "contentType": "image/jpeg",
    "dontCache": false,
    "enableBasicAuth": false,
    "grantees": [
      {
        "allowed": "accessControl,read,write,delete",
        "name": "admin"
      }
    ],
    "height": 400,
    "id": "0d5611779ead46f59eeedf25c95b05cc",
    "includeInFrontendExport": false,
    "isImage": true,
    "isTemplate": false,
    "isThumbnail": false,
    "owner": {
      "name": "admin"
    },
    "type": "Image",
    "useAsJavascriptLibrary": false,
    "visibleToAuthenticatedUsers": true,
    "visibleToPublicUsers": true,
    "width": 400
  },
  "/img/members/alex.jpg": {
    "basicAuthRealm": null,
    "cacheForSeconds": null,
    "contentType": "image/jpeg",
    "dontCache": false,
    "enableBasicAuth": false,
    "grantees": [
      {
        "allowed": "accessControl,read,write,delete",
        "name": "admin"
      }
    ],
    "height": 300,
    "id": "d7ca8de43cc6454da11557fbe4c73a81",
    "includeInFrontendExport": false,
    "isImage": true,
    "isTemplate": false,
    "isThumbnail": false,
    "owner": {
      "name": "admin"
    },
    "type": "Image",
    "useAsJavascriptLibrary": false,
    "visibleToAuthenticatedUsers": true,
    "visibleToPublicUsers": true,
    "width": 300
  },
  "/img/members/axel.jpg": {
    "basicAuthRealm": null,
    "cacheForSeconds": null,
    "contentType": "image/jpeg",
    "dontCache": false,
    "enableBasicAuth": false,
    "grantees": [
      {
        "allowed": "accessControl,read,write,delete",
        "name": "admin"
      }
    ],
    "height": 300,
    "id": "df296df055df4faa9b5fcb798d4db6f3",
    "includeInFrontendExport": false,
    "isImage": true,
    "isTemplate": false,
    "isThumbnail": false,
    "owner": {
      "name": "admin"
    },
    "type": "Image",
    "useAsJavascriptLibrary": false,
    "visibleToAuthenticatedUsers": true,
    "visibleToPublicUsers": true,
    "width": 300
  },
  "/img/members/chris.jpg": {
    "basicAuthRealm": null,
    "cacheForSeconds": null,
    "contentType": "image/jpeg",
    "dontCache": false,
    "enableBasicAuth": false,
    "grantees": [
      {
        "allowed": "accessControl,read,write,delete",
        "name": "admin"
      }
    ],
    "height": 400,
    "id": "0236bd129f274ad2aa34102885f34b80",
    "includeInFrontendExport": false,
    "isImage": true,
    "isTemplate": false,
    "isThumbnail": false,
    "owner": {
      "name": "admin"
    },
    "type": "Image",
    "useAsJavascriptLibrary": false,
    "visibleToAuthenticatedUsers": true,
    "visibleToPublicUsers": true,
    "width": 400
  },
  "/img/members/darko.jpg": {
    "basicAuthRealm": null,
    "cacheForSeconds": null,
    "contentType": "image/jpeg",
    "dontCache": false,
    "enableBasicAuth": false,
    "grantees": [
      {
        "allowed": "accessControl,read,write,delete",
        "name": "admin"
      }
    ],
    "height": 300,
    "id": "eeb0a10d689e4c7da625b7757b7e7230",
    "includeInFrontendExport": false,
    "isImage": true,
    "isTemplate": false,
    "isThumbnail": false,
    "owner": {
      "name": "admin"
    },
    "type": "Image",
    "useAsJavascriptLibrary": false,
    "visibleToAuthenticatedUsers": true,
    "visibleToPublicUsers": true,
    "width": 300
  },
  "/img/members/juliane.jpg": {
    "basicAuthRealm": null,
    "cacheForSeconds": null,
    "contentType": "image/jpeg",
    "dontCache": false,
    "enableBasicAuth": false,
    "grantees": [
      {
        "allowed": "accessControl,read,write,delete",
        "name": "admin"
      }
    ],
    "height": 300,
    "id": "c30123dcf67045549ec89c655e1127bc",
    "includeInFrontendExport": false,
    "isImage": true,
    "isTemplate": false,
    "isThumbnail": false,
    "owner": {
      "name": "admin"
    },
    "type": "Image",
    "useAsJavascriptLibrary": false,
    "visibleToAuthenticatedUsers": true,
    "visibleToPublicUsers": true,
    "width": 300
  },
  "/img/members/martin.jpg": {
    "basicAuthRealm": null,
    "cacheForSeconds": null,
    "contentType": "image/jpeg",
    "dontCache": false,
    "enableBasicAuth": false,
    "grantees": [
      {
        "allowed": "accessControl,read,write,delete",
        "name": "admin"
      }
    ],
    "height": 300,
    "id": "ae6d076f22a640d895ec12286ab0a971",
    "includeInFrontendExport": false,
    "isImage": true,
    "isTemplate": false,
    "isThumbnail": false,
    "owner": {
      "name": "admin"
    },
    "type": "Image",
    "useAsJavascriptLibrary": false,
    "visibleToAuthenticatedUsers": true,
    "visibleToPublicUsers": true,
    "width": 300
  },
  "/img/members/sebastian.png": {
    "basicAuthRealm": null,
    "cacheForSeconds": null,
    "contentType": "image/png",
    "dontCache": false,
    "enableBasicAuth": false,
    "grantees": [
      {
        "allowed": "accessControl,read,write,delete",
        "name": "admin"
      }
    ],
    "height": 906,
    "id": "e33ec83e4c86479f9a034a6f1aca7f3f",
    "includeInFrontendExport": false,
    "isImage": true,
    "isTemplate": false,
    "isThumbnail": false,
    "owner": {
      "name": "admin"
    },
    "type": "Image",
    "useAsJavascriptLibrary": false,
    "visibleToAuthenticatedUsers": true,
    "visibleToPublicUsers": true,
    "width": 868
  },
  "/img/members/tim.jpg": {
    "basicAuthRealm": null,
    "cacheForSeconds": null,
    "contentType": "image/jpeg",
    "dontCache": false,
    "enableBasicAuth": false,
    "grantees": [
      {
        "allowed": "accessControl,read,write,delete",
        "name": "admin"
      }
    ],
    "height": 384,
    "id": "66588ea86f7c4a20850acc1a5579bbd7",
    "includeInFrontendExport": false,
    "isImage": true,
    "isTemplate": false,
    "isThumbnail": false,
    "owner": {
      "name": "admin"
    },
    "type": "Image",
    "useAsJavascriptLibrary": false,
    "visibleToAuthenticatedUsers": true,
    "visibleToPublicUsers": true,
    "width": 384
  },
  "/img/plane.jpg": {
    "basicAuthRealm": null,
    "cacheForSeconds": null,
    "contentType": "image/jpeg",
    "dontCache": false,
    "enableBasicAuth": false,
    "grantees": [
      {
        "allowed": "accessControl,read,write,delete",
        "name": "admin"
      }
    ],
    "height": 420,
    "id": "bac4bf7b97cd42159d46fec0349d3b4a",
    "includeInFrontendExport": true,
    "isImage": true,
    "isTemplate": false,
    "isThumbnail": false,
    "owner": {
      "name": "admin"
    },
    "type": "Image",
    "useAsJavascriptLibrary": false,
    "visibleToAuthenticatedUsers": true,
    "visibleToPublicUsers": true,
    "width": 700
  },
  "/img/virus-logo-dark.svg": {
    "basicAuthRealm": null,
    "cacheForSeconds": null,
    "contentType": "image/svg+xml",
    "dontCache": false,
    "enableBasicAuth": false,
    "grantees": [
      {
        "allowed": "accessControl,read,write,delete",
        "name": "admin"
      }
    ],
    "height": null,
    "id": "4e4730de8a05443f83c41ef1205d6603",
    "includeInFrontendExport": false,
    "isImage": true,
    "isTemplate": false,
    "isThumbnail": false,
    "owner": {
      "name": "admin"
    },
    "type": "Image",
    "useAsJavascriptLibrary": false,
    "visibleToAuthenticatedUsers": true,
    "visibleToPublicUsers": true,
    "width": null
  },
  "/img/virus-logo.svg": {
    "basicAuthRealm": null,
    "cacheForSeconds": null,
    "contentType": "image/svg+xml",
    "dontCache": false,
    "enableBasicAuth": false,
    "grantees": [
      {
        "allowed": "accessControl,read,write,delete",
        "name": "admin"
      }
    ],
    "height": null,
    "id": "83f47050612b47ca8449c64deccaa90a",
    "includeInFrontendExport": false,
    "isImage": true,
    "isTemplate": false,
    "isThumbnail": false,
    "owner": {
      "name": "admin"
    },
    "type": "Image",
    "useAsJavascriptLibrary": false,
    "visibleToAuthenticatedUsers": true,
    "visibleToPublicUsers": true,
    "width": null
  },
  "/js": {
    "basicAuthRealm": null,
    "cacheForSeconds": null,
    "contentType": null,
    "enableBasicAuth": false,
    "grantees": [
      {
        "allowed": "accessControl,read,write,delete",
        "name": "admin"
      }
    ],
    "id": "acb1d837b9bd43a6a2ccf031508cd3a9",
    "includeInFrontendExport": true,
    "owner": {
      "name": "admin"
    },
    "type": "Folder",
    "useAsJavascriptLibrary": false,
    "visibleToAuthenticatedUsers": true,
    "visibleToPublicUsers": true
  },
  "/js/dore.scripts.landingpage.js": {
    "basicAuthRealm": null,
    "cacheForSeconds": null,
    "contentType": "application/javascript",
    "dontCache": false,
    "enableBasicAuth": false,
    "grantees": [
      {
        "allowed": "accessControl,read,write,delete",
        "name": "admin"
      }
    ],
    "id": "ce262e2f6c5d4787bd84494164ead95b",
    "includeInFrontendExport": true,
    "isTemplate": false,
    "owner": {
      "name": "admin"
    },
    "type": "File",
    "useAsJavascriptLibrary": false,
    "visibleToAuthenticatedUsers": true,
    "visibleToPublicUsers": true
  },
  "/js/scripts.single.theme.js": {
    "basicAuthRealm": null,
    "cacheForSeconds": null,
    "contentType": "application/javascript",
    "dontCache": false,
    "enableBasicAuth": false,
    "grantees": [
      {
        "allowed": "accessControl,read,write,delete",
        "name": "admin"
      }
    ],
    "id": "2961e1efa77940e4bc75c68c01cfcabf",
    "includeInFrontendExport": true,
    "isTemplate": false,
    "owner": {
      "name": "admin"
    },
    "type": "File",
    "useAsJavascriptLibrary": false,
    "visibleToAuthenticatedUsers": true,
    "visibleToPublicUsers": true
  },
  "/js/vendor": {
    "basicAuthRealm": null,
    "cacheForSeconds": null,
    "contentType": null,
    "enableBasicAuth": false,
    "grantees": [
      {
        "allowed": "accessControl,read,write,delete",
        "name": "admin"
      }
    ],
    "id": "8b831d17347b4b34aa341253aa03dbd2",
    "includeInFrontendExport": true,
    "owner": {
      "name": "admin"
    },
    "type": "Folder",
    "useAsJavascriptLibrary": false,
    "visibleToAuthenticatedUsers": true,
    "visibleToPublicUsers": true
  },
  "/js/vendor/bootstrap.bundle.min.js": {
    "basicAuthRealm": null,
    "cacheForSeconds": null,
    "contentType": "application/javascript",
    "dontCache": false,
    "enableBasicAuth": false,
    "grantees": [
      {
        "allowed": "accessControl,read,write,delete",
        "name": "admin"
      }
    ],
    "id": "24b79d6a42c942a2b814b9f1f665e418",
    "includeInFrontendExport": true,
    "isTemplate": false,
    "owner": {
      "name": "admin"
    },
    "type": "File",
    "useAsJavascriptLibrary": false,
    "visibleToAuthenticatedUsers": true,
    "visibleToPublicUsers": true
  },
  "/js/vendor/jquery-3.3.1.min.js": {
    "basicAuthRealm": null,
    "cacheForSeconds": null,
    "contentType": "application/javascript",
    "dontCache": false,
    "enableBasicAuth": false,
    "grantees": [
      {
        "allowed": "accessControl,read,write,delete",
        "name": "admin"
      }
    ],
    "id": "67c868e2e236471983d99e6671f06f5f",
    "includeInFrontendExport": true,
    "isTemplate": false,
    "owner": {
      "name": "admin"
    },
    "type": "File",
    "useAsJavascriptLibrary": false,
    "visibleToAuthenticatedUsers": true,
    "visibleToPublicUsers": true
  },
  "/js/vendor/jquery.barrating.min.js": {
    "basicAuthRealm": null,
    "cacheForSeconds": null,
    "contentType": "application/javascript",
    "dontCache": false,
    "enableBasicAuth": false,
    "grantees": [
      {
        "allowed": "accessControl,read,write,delete",
        "name": "admin"
      }
    ],
    "id": "954b8df6900c4b81bd4173dc1b9d73d0",
    "includeInFrontendExport": true,
    "isTemplate": false,
    "owner": {
      "name": "admin"
    },
    "type": "File",
    "useAsJavascriptLibrary": false,
    "visibleToAuthenticatedUsers": true,
    "visibleToPublicUsers": true
  },
  "/js/vendor/landing-page": {
    "basicAuthRealm": null,
    "cacheForSeconds": null,
    "contentType": null,
    "enableBasicAuth": false,
    "grantees": [
      {
        "allowed": "accessControl,read,write,delete",
        "name": "admin"
      }
    ],
    "id": "d83ca01489cc4a2cb6283206105762e2",
    "includeInFrontendExport": true,
    "owner": {
      "name": "admin"
    },
    "type": "Folder",
    "useAsJavascriptLibrary": false,
    "visibleToAuthenticatedUsers": true,
    "visibleToPublicUsers": true
  },
  "/js/vendor/landing-page/headroom.min.js": {
    "basicAuthRealm": null,
    "cacheForSeconds": null,
    "contentType": "application/javascript",
    "dontCache": false,
    "enableBasicAuth": false,
    "grantees": [
      {
        "allowed": "accessControl,read,write,delete",
        "name": "admin"
      }
    ],
    "id": "f8c25b25b6cf4ee6851511072cdb7951",
    "includeInFrontendExport": true,
    "isTemplate": false,
    "owner": {
      "name": "admin"
    },
    "type": "File",
    "useAsJavascriptLibrary": false,
    "visibleToAuthenticatedUsers": true,
    "visibleToPublicUsers": true
  },
  "/js/vendor/landing-page/jQuery.headroom.js": {
    "basicAuthRealm": null,
    "cacheForSeconds": null,
    "contentType": "application/javascript",
    "dontCache": false,
    "enableBasicAuth": false,
    "grantees": [
      {
        "allowed": "accessControl,read,write,delete",
        "name": "admin"
      }
    ],
    "id": "141a8bb21ed246a2b34564df970f4185",
    "includeInFrontendExport": true,
    "isTemplate": false,
    "owner": {
      "name": "admin"
    },
    "type": "File",
    "useAsJavascriptLibrary": false,
    "visibleToAuthenticatedUsers": true,
    "visibleToPublicUsers": true
  },
  "/js/vendor/landing-page/jquery.autoellipsis.js": {
    "basicAuthRealm": null,
    "cacheForSeconds": null,
    "contentType": "application/javascript",
    "dontCache": false,
    "enableBasicAuth": false,
    "grantees": [
      {
        "allowed": "accessControl,read,write,delete",
        "name": "admin"
      }
    ],
    "id": "7236c9844fb144d6973a74c59b6b08c8",
    "includeInFrontendExport": true,
    "isTemplate": false,
    "owner": {
      "name": "admin"
    },
    "type": "File",
    "useAsJavascriptLibrary": false,
    "visibleToAuthenticatedUsers": true,
    "visibleToPublicUsers": true
  },
  "/js/vendor/landing-page/jquery.scrollTo.min.js": {
    "basicAuthRealm": null,
    "cacheForSeconds": null,
    "contentType": "application/javascript",
    "dontCache": false,
    "enableBasicAuth": false,
    "grantees": [
      {
        "allowed": "accessControl,read,write,delete",
        "name": "admin"
      }
    ],
    "id": "2da99725f4a94012a06dc2e4c9fe9246",
    "includeInFrontendExport": true,
    "isTemplate": false,
    "owner": {
      "name": "admin"
    },
    "type": "File",
    "useAsJavascriptLibrary": false,
    "visibleToAuthenticatedUsers": true,
    "visibleToPublicUsers": true
  },
  "/js/vendor/owl.carousel.min.js": {
    "basicAuthRealm": null,
    "cacheForSeconds": null,
    "contentType": "application/javascript",
    "dontCache": false,
    "enableBasicAuth": false,
    "grantees": [
      {
        "allowed": "accessControl,read,write,delete",
        "name": "admin"
      }
    ],
    "id": "abc2c639d622484a9118b30a506312b3",
    "includeInFrontendExport": true,
    "isTemplate": false,
    "owner": {
      "name": "admin"
    },
    "type": "File",
    "useAsJavascriptLibrary": false,
    "visibleToAuthenticatedUsers": true,
    "visibleToPublicUsers": true
  }
}