{
  "data": {
    "basicAuthRealm": null,
    "cacheForSeconds": null,
    "category": null,
    "contentType": "text/html",
    "dontCache": false,
    "enableBasicAuth": false,
    "grantees": [
      {
        "allowed": "accessControl,read,write,delete",
        "name": "admin"
      }
    ],
    "hidden": false,
    "hideConditions": null,
    "id": "4cea81203d1c4c959ad175235ea6de09",
    "owner": {
      "name": "admin"
    },
    "pageCreatesRawData": false,
    "path": null,
    "position": 50,
    "showConditions": null,
    "showOnErrorCodes": null,
    "visibleToAuthenticatedUsers": true,
    "visibleToPublicUsers": true
  },
  "documentation": {
    "basicAuthRealm": null,
    "cacheForSeconds": null,
    "category": null,
    "contentType": "text/html",
    "dontCache": false,
    "enableBasicAuth": false,
    "grantees": [
      {
        "allowed": "accessControl,read,write,delete",
        "name": "admin"
      }
    ],
    "hidden": false,
    "hideConditions": null,
    "id": "49fed1791c9c433dae2a72b75bbf443b",
    "owner": {
      "name": "admin"
    },
    "pageCreatesRawData": false,
    "path": null,
    "position": 80,
    "showConditions": null,
    "showOnErrorCodes": null,
    "visibleToAuthenticatedUsers": true,
    "visibleToPublicUsers": true
  },
  "landing-page": {
    "basicAuthRealm": null,
    "cacheForSeconds": null,
    "category": null,
    "contentType": "text/html",
    "dontCache": false,
    "enableBasicAuth": false,
    "grantees": [
      {
        "allowed": "accessControl,read,write,delete",
        "name": "admin"
      }
    ],
    "hidden": false,
    "hideConditions": null,
    "id": "d6b22a68c3fc4593ac9cf761ed659553",
    "owner": {
      "name": "admin"
    },
    "pageCreatesRawData": false,
    "path": "/",
    "position": 10,
    "showConditions": null,
    "showOnErrorCodes": null,
    "visibleToAuthenticatedUsers": true,
    "visibleToPublicUsers": true
  },
  "legal": {
    "basicAuthRealm": null,
    "cacheForSeconds": null,
    "category": null,
    "contentType": "text/html",
    "dontCache": false,
    "enableBasicAuth": false,
    "grantees": [
      {
        "allowed": "accessControl,read,write,delete",
        "name": "admin"
      }
    ],
    "hidden": false,
    "hideConditions": null,
    "id": "390e5ee8870f4ed6b9bba62da6bf9432",
    "owner": {
      "name": "admin"
    },
    "pageCreatesRawData": false,
    "path": null,
    "position": 80,
    "showConditions": null,
    "showOnErrorCodes": null,
    "visibleToAuthenticatedUsers": false,
    "visibleToPublicUsers": false
  },
  "login": {
    "basicAuthRealm": null,
    "cacheForSeconds": null,
    "category": null,
    "contentType": "text/html",
    "dontCache": false,
    "enableBasicAuth": false,
    "grantees": [
      {
        "allowed": "accessControl,read,write,delete",
        "name": "admin"
      }
    ],
    "hidden": false,
    "hideConditions": null,
    "id": "69e8f49574be47e89e77234975db52d9",
    "owner": {
      "name": "admin"
    },
    "pageCreatesRawData": false,
    "path": null,
    "position": 1000,
    "showConditions": null,
    "showOnErrorCodes": null,
    "visibleToAuthenticatedUsers": false,
    "visibleToPublicUsers": true
  },
  "news": {
    "basicAuthRealm": null,
    "cacheForSeconds": null,
    "category": null,
    "contentType": "text/html",
    "dontCache": false,
    "enableBasicAuth": false,
    "grantees": [
      {
        "allowed": "accessControl,read,write,delete",
        "name": "admin"
      }
    ],
    "hidden": false,
    "hideConditions": null,
    "id": "229574adc29646458932a5e3c2426d38",
    "owner": {
      "name": "admin"
    },
    "pageCreatesRawData": false,
    "path": null,
    "position": 70,
    "showConditions": null,
    "showOnErrorCodes": null,
    "visibleToAuthenticatedUsers": true,
    "visibleToPublicUsers": true
  },
  "team": {
    "basicAuthRealm": null,
    "cacheForSeconds": null,
    "category": null,
    "contentType": "text/html",
    "dontCache": false,
    "enableBasicAuth": false,
    "grantees": [
      {
        "allowed": "accessControl,read,write,delete",
        "name": "admin"
      }
    ],
    "hidden": false,
    "hideConditions": null,
    "id": "069ccaf0ccc44278ba67d51b08f97bc4",
    "owner": {
      "name": "admin"
    },
    "pageCreatesRawData": false,
    "path": null,
    "position": 30,
    "showConditions": null,
    "showOnErrorCodes": null,
    "visibleToAuthenticatedUsers": true,
    "visibleToPublicUsers": true
  },
  "use-cases": {
    "basicAuthRealm": null,
    "cacheForSeconds": null,
    "category": null,
    "contentType": "text/html",
    "dontCache": false,
    "enableBasicAuth": false,
    "grantees": [
      {
        "allowed": "accessControl,read,write,delete",
        "name": "admin"
      }
    ],
    "hidden": false,
    "hideConditions": null,
    "id": "4af524177fe744ac9f6ea509db156989",
    "owner": {
      "name": "admin"
    },
    "pageCreatesRawData": false,
    "path": null,
    "position": 100,
    "showConditions": null,
    "showOnErrorCodes": null,
    "visibleToAuthenticatedUsers": true,
    "visibleToPublicUsers": true
  },
  "user-profile": {
    "basicAuthRealm": null,
    "cacheForSeconds": null,
    "category": null,
    "contentType": "text/html",
    "dontCache": false,
    "enableBasicAuth": false,
    "grantees": [
      {
        "allowed": "accessControl,read,write,delete",
        "name": "admin"
      }
    ],
    "hidden": false,
    "hideConditions": null,
    "id": "f7b7605af37d4204babd7c8cdf88beb4",
    "owner": {
      "name": "admin"
    },
    "pageCreatesRawData": false,
    "path": null,
    "position": 200,
    "showConditions": null,
    "showOnErrorCodes": null,
    "visibleToAuthenticatedUsers": true,
    "visibleToPublicUsers": false
  }
}