{
  "data": {
    "basicAuthRealm": null,
    "cacheForSeconds": null,
    "category": null,
    "contentType": "text/html",
    "dontCache": false,
    "enableBasicAuth": false,
    "grantees": [
      {
        "allowed": "accessControl,read,write,delete",
        "name": "admin"
      }
    ],
    "hidden": false,
    "hideConditions": null,
    "id": "4cea81203d1c4c959ad175235ea6de09",
    "owner": {
      "name": "admin"
    },
    "pageCreatesRawData": false,
    "path": null,
    "position": 50,
    "showConditions": null,
    "showOnErrorCodes": null,
    "visibleToAuthenticatedUsers": true,
    "visibleToPublicUsers": true
  },
  "landing-page": {
    "basicAuthRealm": null,
    "cacheForSeconds": null,
    "category": null,
    "contentType": "text/html",
    "dontCache": false,
    "enableBasicAuth": false,
    "grantees": [
      {
        "allowed": "accessControl,read,write,delete",
        "name": "admin"
      }
    ],
    "hidden": false,
    "hideConditions": null,
    "id": "d6b22a68c3fc4593ac9cf761ed659553",
    "owner": {
      "name": "admin"
    },
    "pageCreatesRawData": false,
    "path": "/",
    "position": 10,
    "showConditions": null,
    "showOnErrorCodes": null,
    "visibleToAuthenticatedUsers": true,
    "visibleToPublicUsers": true
  },
  "team": {
    "basicAuthRealm": null,
    "cacheForSeconds": null,
    "category": null,
    "contentType": "text/html",
    "dontCache": false,
    "enableBasicAuth": false,
    "grantees": [
      {
        "allowed": "accessControl,read,write,delete",
        "name": "admin"
      }
    ],
    "hidden": false,
    "hideConditions": null,
    "id": "069ccaf0ccc44278ba67d51b08f97bc4",
    "owner": {
      "name": "admin"
    },
    "pageCreatesRawData": false,
    "path": null,
    "position": 30,
    "showConditions": null,
    "showOnErrorCodes": null,
    "visibleToAuthenticatedUsers": true,
    "visibleToPublicUsers": true
  }
}