{
  "Contact Form Section-699fbe0d92a741fd8eeb1e875eb141c2": {
    "contentType": "text/html",
    "id": "699fbe0d92a741fd8eeb1e875eb141c2",
    "shared": "false",
    "visibleToAuthenticatedUsers": true,
    "visibleToPublicUsers": true
  },
  "Contact Form Section-f349530096ce48cbaf190a7aac09df0e": {
    "contentType": "text/html",
    "id": "f349530096ce48cbaf190a7aac09df0e",
    "shared": "false",
    "visibleToAuthenticatedUsers": true,
    "visibleToPublicUsers": true
  },
  "Data Browser Section-9077de3ecc834b2d99cfa190baf9ad3b": {
    "contentType": "text/html",
    "id": "9077de3ecc834b2d99cfa190baf9ad3b",
    "shared": "false",
    "visibleToAuthenticatedUsers": true,
    "visibleToPublicUsers": true
  },
  "Data Section-e822947ad35649fd9e682e1e424dd4fb": {
    "contentType": "text/html",
    "id": "e822947ad35649fd9e682e1e424dd4fb",
    "shared": "false",
    "visibleToAuthenticatedUsers": true,
    "visibleToPublicUsers": true
  },
  "Documentation Section-f5e7351bc57144569d88077df33f7203": {
    "contentType": "text/html",
    "id": "f5e7351bc57144569d88077df33f7203",
    "shared": "false",
    "visibleToAuthenticatedUsers": true,
    "visibleToPublicUsers": true
  },
  "Landing Page Template-c95c746c496043b6afd6ee04930edeed": {
    "contentType": "text/html",
    "id": "c95c746c496043b6afd6ee04930edeed",
    "shared": "true",
    "visibleToAuthenticatedUsers": true,
    "visibleToPublicUsers": true
  },
  "Legal Section-cdc9dd5260714f90960b611ba505e0cc": {
    "contentType": "text/html",
    "id": "cdc9dd5260714f90960b611ba505e0cc",
    "shared": "false",
    "visibleToAuthenticatedUsers": true,
    "visibleToPublicUsers": true
  },
  "Login Page Template-718ffe75a28640a8b148eb2cc955dae6": {
    "contentType": "text/html",
    "id": "718ffe75a28640a8b148eb2cc955dae6",
    "shared": "false",
    "visibleToAuthenticatedUsers": false,
    "visibleToPublicUsers": true
  },
  "Main Nav-135e3aacfc3b4516bb3871045009e940": {
    "contentType": "text/html",
    "id": "135e3aacfc3b4516bb3871045009e940",
    "shared": "true",
    "visibleToAuthenticatedUsers": true,
    "visibleToPublicUsers": true
  },
  "Member Card Landing Page 1-a54fd4e81cb245d2a798e1810204dc1f": {
    "contentType": "text/html",
    "id": "a54fd4e81cb245d2a798e1810204dc1f",
    "shared": "true",
    "visibleToAuthenticatedUsers": true,
    "visibleToPublicUsers": true
  },
  "Member Card Landing Page 2-ab8c3f0ddc21428d8c7160263b928d41": {
    "contentType": "text/html",
    "id": "ab8c3f0ddc21428d8c7160263b928d41",
    "shared": "true",
    "visibleToAuthenticatedUsers": true,
    "visibleToPublicUsers": true
  },
  "Member Card Landing Page 3-18f5dba95c5c4b459d700ff744c18749": {
    "contentType": "text/html",
    "id": "18f5dba95c5c4b459d700ff744c18749",
    "shared": "true",
    "visibleToAuthenticatedUsers": true,
    "visibleToPublicUsers": true
  },
  "Member Card Small-fcc7e9c4af9b46b99386ab4efa2b2539": {
    "contentType": "text/html",
    "id": "fcc7e9c4af9b46b99386ab4efa2b2539",
    "shared": "true",
    "visibleToAuthenticatedUsers": true,
    "visibleToPublicUsers": true
  },
  "Member Card-57605fb0c4ae40148682f7958c03af11": {
    "contentType": "text/html",
    "id": "57605fb0c4ae40148682f7958c03af11",
    "shared": "true",
    "visibleToAuthenticatedUsers": true,
    "visibleToPublicUsers": true
  },
  "Mobile Menu-812dd7476ae44032978b19cb2fbc32f7": {
    "contentType": "text/html",
    "id": "812dd7476ae44032978b19cb2fbc32f7",
    "shared": "true",
    "visibleToAuthenticatedUsers": true,
    "visibleToPublicUsers": true
  },
  "News Article Template-8fa193441c8c41d8b8082e9154cf7aba": {
    "contentType": "text/html",
    "id": "8fa193441c8c41d8b8082e9154cf7aba",
    "shared": "false",
    "visibleToAuthenticatedUsers": true,
    "visibleToPublicUsers": true
  },
  "News Section-3362a362475e42b19870a6adeb350a8a": {
    "contentType": "text/html",
    "id": "3362a362475e42b19870a6adeb350a8a",
    "shared": "false",
    "visibleToAuthenticatedUsers": true,
    "visibleToPublicUsers": true
  },
  "Not found-dd59544118ad4246aea3ffcd8b08750f": {
    "contentType": "text/html",
    "id": "dd59544118ad4246aea3ffcd8b08750f",
    "shared": "false",
    "visibleToAuthenticatedUsers": true,
    "visibleToPublicUsers": true
  },
  "Old Landing Page-540d92a9dae245eda30816850845a5c0": {
    "contentType": "text/html",
    "id": "540d92a9dae245eda30816850845a5c0",
    "shared": "false",
    "visibleToAuthenticatedUsers": true,
    "visibleToPublicUsers": true
  },
  "Privacy Policy Section-d4f77eb2ae2f4387bba06744faa7514b": {
    "contentType": "text/html",
    "id": "d4f77eb2ae2f4387bba06744faa7514b",
    "shared": "false",
    "visibleToAuthenticatedUsers": true,
    "visibleToPublicUsers": true
  },
  "Store Query-43cb723faecc40f6b6aeeab47d0b60c5": {
    "contentType": "text/plain",
    "id": "43cb723faecc40f6b6aeeab47d0b60c5",
    "shared": "false",
    "visibleToAuthenticatedUsers": false,
    "visibleToPublicUsers": false
  },
  "Store Query-89bc3191114f4a6f82296d0979e2cc84": {
    "contentType": "text/plain",
    "id": "89bc3191114f4a6f82296d0979e2cc84",
    "shared": "false",
    "visibleToAuthenticatedUsers": false,
    "visibleToPublicUsers": false
  },
  "Sub Page Template-03c69b87b4f8420186f9393f469c678d": {
    "contentType": "text/html",
    "id": "03c69b87b4f8420186f9393f469c678d",
    "shared": "true",
    "visibleToAuthenticatedUsers": true,
    "visibleToPublicUsers": true
  },
  "Team Section-c3bb7893c59741c094cae337a0089317": {
    "contentType": "text/html",
    "id": "c3bb7893c59741c094cae337a0089317",
    "shared": "false",
    "visibleToAuthenticatedUsers": true,
    "visibleToPublicUsers": true
  },
  "Thanks-78c681a24a8b4d21bfe19d00769d646f": {
    "contentType": "text/html",
    "id": "78c681a24a8b4d21bfe19d00769d646f",
    "shared": "false",
    "visibleToAuthenticatedUsers": true,
    "visibleToPublicUsers": true
  },
  "Thanks-7a88c7e638e341e59ead30961115953b": {
    "contentType": "text/html",
    "id": "7a88c7e638e341e59ead30961115953b",
    "shared": "false",
    "visibleToAuthenticatedUsers": true,
    "visibleToPublicUsers": true
  },
  "Use Cases Section-fe70a2a580d141998aa94d099f5cfa92": {
    "contentType": "text/html",
    "id": "fe70a2a580d141998aa94d099f5cfa92",
    "shared": "false",
    "visibleToAuthenticatedUsers": true,
    "visibleToPublicUsers": true
  },
  "User Profile Section-3fe7fa643bb44eb3a23a2f200d50de01": {
    "contentType": "text/html",
    "id": "3fe7fa643bb44eb3a23a2f200d50de01",
    "shared": "false",
    "visibleToAuthenticatedUsers": true,
    "visibleToPublicUsers": false
  },
  "Video Section-841d9a01afaf4064ad5bc84d5e44b70c": {
    "contentType": "text/html",
    "id": "841d9a01afaf4064ad5bc84d5e44b70c",
    "shared": "false",
    "visibleToAuthenticatedUsers": true,
    "visibleToPublicUsers": true
  },
  "Video Template-f2aff19e7a0d4f6eb2de886694b088de": {
    "contentType": "text/html",
    "id": "f2aff19e7a0d4f6eb2de886694b088de",
    "shared": "false",
    "visibleToAuthenticatedUsers": true,
    "visibleToPublicUsers": true
  },
  "f7586eae18834057aaca1491e87a0946": {
    "contentType": "text/html",
    "id": "f7586eae18834057aaca1491e87a0946",
    "shared": "false",
    "visibleToAuthenticatedUsers": true,
    "visibleToPublicUsers": true
  }
}