[
	{"flags":0,"id":"7282c205e0054522905f03eb8ae7ec73","signature":"A"},
	{"flags":0,"id":"71d2d9f56cf4419aa75afd8ac7b1a895","signature":"A/_Ui"},
	{"flags":0,"id":"2917af991e314e718a170e048f9f5da1","signature":"Abbr"},
	{"flags":0,"id":"72ef04632dd145be8d36280c08063226","signature":"Abbr/_Ui"},
	{"flags":0,"id":"6bfbc1b5793f40ccab56b6a0879ddbe8","signature":"AbstractFile"},
	{"flags":0,"id":"3abfeecaee724ccb93deb11080676124","signature":"AbstractFile/AbstractFile"},
	{"flags":0,"id":"b4508b3c9e534b00be9f75d2e8966c34","signature":"AbstractFile/AbstractFile/_Ui"},
	{"flags":0,"id":"c8740532623f460ba67a5280e8b221bb","signature":"AbstractFile/Folder"},
	{"flags":0,"id":"b5017e4a80e249ff81d22fc323879ffb","signature":"AbstractFile/Folder/_Ui"},
	{"flags":0,"id":"8177731af0034493a522b63ca331b947","signature":"AbstractFile/_Ui"},
	{"flags":0,"id":"4684540397a34645b7511425a5400fed","signature":"AbstractMinifiedFile"},
	{"flags":0,"id":"f7d0166ce1024bbb84f75ee5e69ba638","signature":"AbstractMinifiedFile/File"},
	{"flags":0,"id":"6f99cdd9909848889c481a19fcfa24a0","signature":"AbstractMinifiedFile/File/_Ui"},
	{"flags":0,"id":"beaf26deb5974e22a5098bb734da67ff","signature":"AbstractMinifiedFile/_Ui"},
	{"flags":0,"id":"0383b2193f7f4302aec6f7b0ca576b38","signature":"Address"},
	{"flags":0,"id":"8afa30c9575e4e4b83b21e46e1464593","signature":"Address/_Ui"},
	{"flags":0,"id":"2523d121ef3c49eb8ba486fd8e70761f","signature":"ApplicationConfigurationDataNode"},
	{"flags":0,"id":"8831b24f5a2643499ff8981d11662392","signature":"ApplicationConfigurationDataNode/_Ui"},
	{"flags":0,"id":"e61fe335cdc849f4b1daeed756d2b471","signature":"Area"},
	{"flags":0,"id":"0fafb57ebc5247d9aa3caf378a3c8e8e","signature":"Area/_Ui"},
	{"flags":0,"id":"8632080c367c4e528100cbe653f88080","signature":"Article"},
	{"flags":0,"id":"46e65210e4d647d7b29f55c5e808f2ed","signature":"Article/_Ui"},
	{"flags":0,"id":"e5d4a91bd67549d7942c13f25f830d93","signature":"Aside"},
	{"flags":0,"id":"26bda98ff1f04043b105858eb50bbf9d","signature":"Aside/_Ui"},
	{"flags":0,"id":"a6cf0f910aef4fdcaac105afe73b240c","signature":"Audio"},
	{"flags":0,"id":"225d7b4be26b4a5aa6e490a46e7d6f95","signature":"Audio/_Ui"},
	{"flags":0,"id":"41aa90c21b8e48ca87dfdad943113423","signature":"B"},
	{"flags":0,"id":"5fd9c5b0412f4b79a626cdd2de0f61c3","signature":"B/_Ui"},
	{"flags":0,"id":"76d4b3d85c354e389362ff6380e29eb7","signature":"Base"},
	{"flags":0,"id":"8d2118efe41f42acba80550547f4cc68","signature":"Base/_Ui"},
	{"flags":0,"id":"405ff7fdf80d4f09a00d19a40788dbb2","signature":"Bdi"},
	{"flags":0,"id":"cfdd639181b54c23a968d44e4352fa88","signature":"Bdi/_Ui"},
	{"flags":0,"id":"0caca854111f48358e02ce7ee927aa15","signature":"Bdo"},
	{"flags":0,"id":"15e7f830c2254eb385bb7e42fe0c1b46","signature":"Bdo/_Ui"},
	{"flags":0,"id":"b42cfdd2b3fb4375b8a81d5462911c36","signature":"Blockquote"},
	{"flags":0,"id":"cd40f886dd48457386ac71c7528cdfda","signature":"Blockquote/_Ui"},
	{"flags":0,"id":"3026b731b4df408589e40e12b511942a","signature":"Body"},
	{"flags":0,"id":"06ce4e1fc8bc475cbf4bdf1ed966d686","signature":"Body/_Ui"},
	{"flags":0,"id":"fac02e48d5df4bcb9847ae11601f8dcc","signature":"Br"},
	{"flags":0,"id":"ff1d748c61e3425dbed76862cf657780","signature":"Br/_Ui"},
	{"flags":0,"id":"a1c434cb80004f0aa8ccfef72f6cc73c","signature":"Button"},
	{"flags":0,"id":"253efda509f243ed80741571d6690dc2","signature":"Button/_Ui"},
	{"flags":0,"id":"cee94c40c17940f19d59eb07ee5a8de7","signature":"Canvas"},
	{"flags":0,"id":"cbcec2b2a52d458eac23ec882b10f3d5","signature":"Canvas/_Ui"},
	{"flags":0,"id":"d2f94f6a3f7a45eaaf168b8be05b6b14","signature":"Caption"},
	{"flags":0,"id":"9f6483ef59f341b089f4b08e8857cc3a","signature":"Caption/_Ui"},
	{"flags":0,"id":"05042dfb3b5c4ee494cb20767213f31e","signature":"Cdata"},
	{"flags":0,"id":"f7e38ea7ccac46d9bbe766677c840cc8","signature":"Cdata/_Ui"},
	{"flags":0,"id":"c2e5d9d7a796449a8695082230ce7676","signature":"Cite"},
	{"flags":0,"id":"7af5f148f9e6436fb7d2f3ff7a508f56","signature":"Cite/_Ui"},
	{"flags":0,"id":"5fbf0261d2ab4b779f62cff764ee8a02","signature":"Code"},
	{"flags":0,"id":"508e8e5b7e884e21bd2449904da00d15","signature":"Code/_Ui"},
	{"flags":0,"id":"aa4989d3475145729c183fb8fc4801c4","signature":"Col"},
	{"flags":0,"id":"05e86d60c6e34320af1757f7d6d79309","signature":"Col/_Ui"},
	{"flags":0,"id":"42a31e80f2b24c0dba0e34f7461346dc","signature":"Colgroup"},
	{"flags":0,"id":"e9d609e932e24c039a00a0be7b02d443","signature":"Colgroup/_Ui"},
	{"flags":0,"id":"3193bbe0ce2d4ddb8c3dd6488193c1e0","signature":"Command"},
	{"flags":0,"id":"b3bd9726fce34eb7977b8369339ca3af","signature":"Command/_Ui"},
	{"flags":0,"id":"9a959410febb4060b06741f20a546b64","signature":"Comment"},
	{"flags":0,"id":"ad84ff893beb460aa7af4f1ded288ea0","signature":"Comment/_Ui"},
	{"flags":0,"id":"d175995e7a8242798f14fee18014b412","signature":"Component"},
	{"flags":0,"id":"ac31904c46e241279de7efb30d4b6d6b","signature":"Component/_Ui"},
	{"flags":0,"id":"b3b961b691f049e48792a9419ad3bba6","signature":"ConceptGroup"},
	{"flags":0,"id":"b5ccb772ad68494c9438fdf71b265f85","signature":"ConceptGroup/ConceptGroup"},
	{"flags":0,"id":"daf5d9ec6c0f430a9c468547e58d6d25","signature":"ConceptGroup/ConceptGroup/_Ui"},
	{"flags":0,"id":"fbacdc70034d4d868b000c471dea8186","signature":"ConceptGroup/ConceptGroupLabel"},
	{"flags":0,"id":"6db32e13f2d04f50980641286f03a0ff","signature":"ConceptGroup/ConceptGroupLabel/_Ui"},
	{"flags":0,"id":"0f94652699bf470d9beaaf2d238e4465","signature":"ConceptGroup/Thesaurus"},
	{"flags":0,"id":"5384fd5b578843a5bb2e48ee703c44a4","signature":"ConceptGroup/Thesaurus/_Ui"},
	{"flags":0,"id":"0629260b22794c34abcd3390fbc71d49","signature":"ConceptGroup/ThesaurusConcept"},
	{"flags":0,"id":"28a9a7e8411a4538bd2994adb26224ef","signature":"ConceptGroup/ThesaurusConcept/_Ui"},
	{"flags":0,"id":"6ad408db00f84d28af50cfd23bdf942a","signature":"ConceptGroup/_Ui"},
	{"flags":0,"id":"946a0fc4aa6d4f64a3ce64d6f32d845e","signature":"ConceptGroupLabel"},
	{"flags":0,"id":"477de1fe9a854989b0a160049720cf2a","signature":"ConceptGroupLabel/ConceptGroup"},
	{"flags":0,"id":"9820ff7181a54055ad7e3a35e2222146","signature":"ConceptGroupLabel/ConceptGroup/_Ui"},
	{"flags":0,"id":"0338f611da664e1ba9b861d4011365b1","signature":"ConceptGroupLabel/_Ui"},
	{"flags":64,"id":"da91599e779c40f080d214bb53357a55","signature":"ContactRequest"},
	{"flags":0,"id":"693e001bc3be496b8ee8755be4827879","signature":"ContactRequest/_Ui"},
	{"flags":0,"id":"16a731d75c294231a399be29d75bbdc2","signature":"Content"},
	{"flags":0,"id":"e337ab272cd24b6abf3147c25536407d","signature":"Content/_Ui"},
	{"flags":0,"id":"cfb8b91cdf86462da3cb8393c2d7f079","signature":"ContentContainer"},
	{"flags":0,"id":"fe6a5ca6bea14566a71a72e515c374fd","signature":"ContentContainer/ContentContainer"},
	{"flags":0,"id":"99dde586cf654b6aa81a104060b2ec38","signature":"ContentContainer/ContentContainer/_Ui"},
	{"flags":0,"id":"78549022fe054adc8472434c57073cd1","signature":"ContentContainer/ContentItem"},
	{"flags":0,"id":"611080699b514510a27032e0da20f7ef","signature":"ContentContainer/ContentItem/_Ui"},
	{"flags":0,"id":"ccfd224e18c2495cbc65a9101a4dccac","signature":"ContentContainer/_Ui"},
	{"flags":0,"id":"4d32cb9f0fec460da2b8793aa629f479","signature":"ContentItem"},
	{"flags":0,"id":"e51d0ad012334015bcaebad75656a6c7","signature":"ContentItem/ContentContainer"},
	{"flags":0,"id":"814a196b54c440eea4f3e621651a6494","signature":"ContentItem/ContentContainer/_Ui"},
	{"flags":0,"id":"cf15612b91874dd38a6f31243f7eb729","signature":"ContentItem/_Ui"},
	{"flags":0,"id":"b650d1a55e1a4d28be12ac5affe59508","signature":"CsvFile"},
	{"flags":0,"id":"2fea0005cb494d79be66262ad7706f43","signature":"CsvFile/_Ui"},
	{"flags":0,"id":"a32d9b100a6d40a7a45949a63b9ccdbd","signature":"CustomConceptAttribute"},
	{"flags":0,"id":"c9ba980885824f418fbf34c3e1ceed09","signature":"CustomConceptAttribute/ThesaurusConcept"},
	{"flags":0,"id":"2916aae03aaa4e37a952c83f0e7da3dc","signature":"CustomConceptAttribute/ThesaurusConcept/_Ui"},
	{"flags":0,"id":"c3fd9ef064544bc692cef66a4ca1a6f1","signature":"CustomConceptAttribute/_Ui"},
	{"flags":0,"id":"411627db670f42c7a70b337e6d670abf","signature":"CustomNote"},
	{"flags":0,"id":"42d8df4ed3134374be21bc12de8bad97","signature":"CustomNote/ThesaurusConcept"},
	{"flags":0,"id":"7386640bd6f54748bd9dde844ede728b","signature":"CustomNote/ThesaurusConcept/_Ui"},
	{"flags":0,"id":"8ebacde100b54166969727f227cc57f2","signature":"CustomNote/_Ui"},
	{"flags":0,"id":"8a16514844b442d2b88e1815419ae9b5","signature":"CustomTermAttribute"},
	{"flags":0,"id":"677b02ad6c5842d283b5b1db0662a5e5","signature":"CustomTermAttribute/ThesaurusTerm"},
	{"flags":0,"id":"403790e5b83843cf8dbcfb79e94b8165","signature":"CustomTermAttribute/ThesaurusTerm/_Ui"},
	{"flags":0,"id":"7ab0d69503d24904b7ce0711cd6f2ce2","signature":"CustomTermAttribute/_Ui"},
	{"flags":0,"id":"24f429b1799d45f3ae6e272fee1b72dc","signature":"DOMElement"},
	{"flags":0,"id":"7706a6e232b34ab2932891112552a718","signature":"DOMElement/_Ui"},
	{"flags":0,"id":"41c367b5c3a1464fb11b5006db3c1d6c","signature":"DOMNode"},
	{"flags":0,"id":"79eb0dc46e9e48169e4e6b8e9c757079","signature":"DOMNode/DOMNode"},
	{"flags":0,"id":"f0b5dce852644035bfd9ccea680acade","signature":"DOMNode/DOMNode/_Ui"},
	{"flags":0,"id":"43d6d153d4524ecba3137358a48de7f0","signature":"DOMNode/Page"},
	{"flags":0,"id":"2cea4b6835b949958d2a20b19c5e4eb5","signature":"DOMNode/Page/_Ui"},
	{"flags":0,"id":"109239f4309e4b20acdbbd1bbd192cd6","signature":"DOMNode/_Ui"},
	{"flags":0,"id":"a65cbf7f531842e381f953e4f06433c9","signature":"DataFeed"},
	{"flags":0,"id":"b30100c990b24a7280f7de3a055e581b","signature":"DataFeed/FeedItem"},
	{"flags":0,"id":"e24df634c6154b99a57eccb4343297ab","signature":"DataFeed/FeedItem/_Ui"},
	{"flags":0,"id":"243114b2d2174348be06deaa4551b728","signature":"DataFeed/_Ui"},
	{"flags":0,"id":"d7911c2708d5479ca33ce9cf9f26f56c","signature":"Datalist"},
	{"flags":0,"id":"14f5bd8daedb4725bc5606eef51bcf9e","signature":"Datalist/_Ui"},
	{"flags":0,"id":"963dbf96a1754ae5963fcaf56fad7ceb","signature":"Dd"},
	{"flags":0,"id":"31b0fff47c094bc8ba1d770b2cb3d64c","signature":"Dd/_Ui"},
	{"flags":0,"id":"024942c0514f4944805cf27f30a1ac75","signature":"Definition"},
	{"flags":0,"id":"98083ec5baf14125a96d2ad03c869fa7","signature":"Definition/ThesaurusTerm"},
	{"flags":0,"id":"5161c312eeaf48bfae9f78a1191b8d9a","signature":"Definition/ThesaurusTerm/_Ui"},
	{"flags":0,"id":"b6131397b5b849879afba8d64e29de85","signature":"Definition/_Ui"},
	{"flags":0,"id":"3c8f66a246c14e2b9d10c303672a587a","signature":"Del"},
	{"flags":0,"id":"c0689c38d76d4b3b9779ccec8838e08d","signature":"Del/_Ui"},
	{"flags":0,"id":"810db4c21aac4a4b97b70998651202f5","signature":"Details"},
	{"flags":0,"id":"45dc3cab327b4fa7a91cbefe81579023","signature":"Details/_Ui"},
	{"flags":0,"id":"d7d5e563b0944cde94cceecb003653be","signature":"Dfn"},
	{"flags":0,"id":"be67c950bdd14099bb2cafa6f48515c3","signature":"Dfn/_Ui"},
	{"flags":0,"id":"eb802d7f13024743813fa0b0c1cbe9bc","signature":"Div"},
	{"flags":0,"id":"b95064e142e24f3ebcdba5318db52858","signature":"Div/_Ui"},
	{"flags":0,"id":"1ceba9e6a7ca4547a562f640687611fe","signature":"Dl"},
	{"flags":0,"id":"67b177a86cc045b9b27f2ecd973c4ee0","signature":"Dl/_Ui"},
	{"flags":0,"id":"dcab585d87e144ecb06c1a97ad513ac1","signature":"DocumentFragment"},
	{"flags":0,"id":"38124e18c98345d095d90eda05b2b090","signature":"DocumentFragment/_Ui"},
	{"flags":0,"id":"5cd77189a24a46cc816aa82a5e5343bf","signature":"Dt"},
	{"flags":0,"id":"22a5274d40974123925b06d3d78ec867","signature":"Dt/_Ui"},
	{"flags":0,"id":"f9399fe6881f49a783de37cbc021ed2a","signature":"EMailMessage"},
	{"flags":0,"id":"8163841fbd094b2693e94498a4d40339","signature":"EMailMessage/File"},
	{"flags":0,"id":"b0bf05373b594caf8771e604ffaf07ff","signature":"EMailMessage/File/_Ui"},
	{"flags":0,"id":"51f1cc342939410ba7d548eea0b2aee2","signature":"EMailMessage/Mailbox"},
	{"flags":0,"id":"aee0a3002f0044b18f4711661be4013f","signature":"EMailMessage/Mailbox/_Ui"},
	{"flags":0,"id":"9cc34b20bf5144f082e1d4badd96e1b0","signature":"EMailMessage/_Ui"},
	{"flags":0,"id":"b2e34da5a26a4b29b88d379ee3e79cc6","signature":"EditorialNote"},
	{"flags":0,"id":"a3c2509256f146278977a0ef05673002","signature":"EditorialNote/ThesaurusTerm"},
	{"flags":0,"id":"bc99478e296240c0b03d8851555f3cd3","signature":"EditorialNote/ThesaurusTerm/_Ui"},
	{"flags":0,"id":"50f805d7dcc64efa8093f527bdf2ba5f","signature":"EditorialNote/_Ui"},
	{"flags":0,"id":"f5a04127e9e2423bb1fb352624feba74","signature":"Em"},
	{"flags":0,"id":"6a0517ecbfb943f6be968251c172bb2f","signature":"Em/_Ui"},
	{"flags":0,"id":"303a21a340ab430ba4858aef76e793a5","signature":"Embed"},
	{"flags":0,"id":"1537a1f5231b4b6baff534c1caa43b90","signature":"Embed/_Ui"},
	{"flags":0,"id":"df2b4648e79c4045b89ca947daae4f3e","signature":"Favoritable"},
	{"flags":0,"id":"1daa533ada6f4f25bb1c8f2dbd5299e4","signature":"Favoritable/Principal"},
	{"flags":0,"id":"9d0a5920e1054d4b965d0a62376bb975","signature":"Favoritable/Principal/_Ui"},
	{"flags":0,"id":"cd9aa62270834821a1a293d6384e994b","signature":"Favoritable/_Ui"},
	{"flags":0,"id":"89f94d63d1db4e26a9d6bb71056d05e7","signature":"FeedItem"},
	{"flags":0,"id":"ed8e0dd9465d4ead8785ab99fef06537","signature":"FeedItem/DataFeed"},
	{"flags":0,"id":"0d1fb862ed594139b218f2a440527375","signature":"FeedItem/DataFeed/_Ui"},
	{"flags":0,"id":"ef08155af8944baebf9467cbb9a48479","signature":"FeedItem/FeedItemContent"},
	{"flags":0,"id":"dd907c059a5b484189b1956ac5f8ae42","signature":"FeedItem/FeedItemContent/_Ui"},
	{"flags":0,"id":"702177167a4f40249da1cb73582dfc04","signature":"FeedItem/FeedItemEnclosure"},
	{"flags":0,"id":"9878209cc7904ccaa368b68e14c18a04","signature":"FeedItem/FeedItemEnclosure/_Ui"},
	{"flags":0,"id":"57bf69559d6a401da746a592b8b3ed00","signature":"FeedItem/_Ui"},
	{"flags":0,"id":"509c588ae11c45d8a4eea9b2f474faf9","signature":"FeedItemContent"},
	{"flags":0,"id":"5cf9d390533f47c3a53d41b1a0461e53","signature":"FeedItemContent/FeedItem"},
	{"flags":0,"id":"dda88930caa74e61806f563b4e50c359","signature":"FeedItemContent/FeedItem/_Ui"},
	{"flags":0,"id":"2b6318203cf749a286957a82503bcf12","signature":"FeedItemContent/_Ui"},
	{"flags":0,"id":"75804252be5a4dedba26d767b4ffd380","signature":"FeedItemEnclosure"},
	{"flags":0,"id":"5b2ab0bf8565449e916852fefac25b55","signature":"FeedItemEnclosure/FeedItem"},
	{"flags":0,"id":"d3a8d9eb8937450ab175c0d115016096","signature":"FeedItemEnclosure/FeedItem/_Ui"},
	{"flags":0,"id":"d799722b585a4af78820b8e5f4dfc4c1","signature":"FeedItemEnclosure/_Ui"},
	{"flags":64,"id":"9f0863badfea40859af1a98f37a0999f","signature":"FeedbackMessage"},
	{"flags":0,"id":"297503eac6464f31bb97d2a1e668e229","signature":"FeedbackMessage/SoftwareApplication"},
	{"flags":0,"id":"75d4612529ad45619bae8b50d1da743e","signature":"FeedbackMessage/SoftwareApplication/_Ui"},
	{"flags":0,"id":"3f195a3a4ece41e2bbae12d81a8dac96","signature":"FeedbackMessage/_Ui"},
	{"flags":0,"id":"5a42adacdd234bd9887ae560bc96202d","signature":"Fieldset"},
	{"flags":0,"id":"42190b530e624606b5f54b950906ba3c","signature":"Fieldset/_Ui"},
	{"flags":0,"id":"a3ac4c375630493e9a132cc28a62d4cf","signature":"Figcaption"},
	{"flags":0,"id":"bb8072b466b14d20980edb4fa5903276","signature":"Figcaption/_Ui"},
	{"flags":0,"id":"a0e1dfce5c77418bb3c719cafc338408","signature":"Figure"},
	{"flags":0,"id":"c3178fb157f44fc489656052da54cd62","signature":"Figure/_Ui"},
	{"flags":0,"id":"eaa1e447016c470aa9afa274013894c5","signature":"File"},
	{"flags":0,"id":"0807c5960afb47b1821ff2af4f766c4c","signature":"File/AbstractMinifiedFile"},
	{"flags":0,"id":"b3c402cd25734557b51a72932355e2f1","signature":"File/AbstractMinifiedFile/_Ui"},
	{"flags":0,"id":"25a28d55fe4f4ca5851fafe13ce03763","signature":"File/EMailMessage"},
	{"flags":0,"id":"be66c6c15f904e3bafc07e485bcbe686","signature":"File/EMailMessage/_Ui"},
	{"flags":0,"id":"ec6ec5d31de441acb57820320d08256a","signature":"File/Folder"},
	{"flags":0,"id":"540c076c192c497faff46253b3d046aa","signature":"File/Folder/_Ui"},
	{"flags":0,"id":"7cb166233b2b403eb85d13705a70d5a5","signature":"File/ODFExporter"},
	{"flags":0,"id":"177b516551974c52ab6fa2d1ea06c9f7","signature":"File/ODFExporter/_Ui"},
	{"flags":0,"id":"f1d6389f0a604beab0506e105b2277af","signature":"File/_Ui"},
	{"flags":0,"id":"151936d045824f529d7ca10124bb37e0","signature":"Folder"},
	{"flags":0,"id":"ec59ecac1af04d8faa1b9e301583e813","signature":"Folder/AbstractFile"},
	{"flags":0,"id":"d3a912b264944180b80c2459e7a6625e","signature":"Folder/AbstractFile/_Ui"},
	{"flags":0,"id":"3f90166c8df4496191e75ce17883b952","signature":"Folder/File"},
	{"flags":0,"id":"0d914e1185d841049b139e69161e75d9","signature":"Folder/File/_Ui"},
	{"flags":0,"id":"ef6497b722f34b5896e0d65691105225","signature":"Folder/Folder"},
	{"flags":0,"id":"077178e5c97545a996e3a53a1ab1a0b4","signature":"Folder/Folder/_Ui"},
	{"flags":0,"id":"a327479bbf4f4bd7906b3705f5bc4c97","signature":"Folder/Image"},
	{"flags":0,"id":"d07e3b3ca44e4767a5f6a9f3f125b80f","signature":"Folder/Image/_Ui"},
	{"flags":0,"id":"81bd5f473a744b29a4b01d3d37285199","signature":"Folder/User"},
	{"flags":0,"id":"f24f93e14c684d8090b42099feb2b7cc","signature":"Folder/User/_Ui"},
	{"flags":0,"id":"152c3710189045efbf220d03d278ac40","signature":"Folder/_Ui"},
	{"flags":0,"id":"3d5624c15f874a909726b331141f0953","signature":"Footer"},
	{"flags":0,"id":"8721dc4fdfe642919e36c1beae08be63","signature":"Footer/_Ui"},
	{"flags":0,"id":"9924b283ec974c32a01019a6593321c8","signature":"Form"},
	{"flags":0,"id":"e07155b7d70a4b9fa6a90ae964bc7aa4","signature":"Form/_Ui"},
	{"flags":0,"id":"1dde02b8e5ca4600b7217ac902345cba","signature":"G"},
	{"flags":0,"id":"a6d81fa4239948ae8a6ae48e7e8ac5df","signature":"G/_Ui"},
	{"flags":0,"id":"e08a5a1b2caa42668e86f7baa568a8f3","signature":"Group"},
	{"flags":0,"id":"e19195df532946e38a1e75b3c0532679","signature":"Group/Principal"},
	{"flags":0,"id":"9434df7ac8cd49e199fd36f22af6e542","signature":"Group/Principal/_Ui"},
	{"flags":0,"id":"90ffe64685b14dceb4cfad8b3fc847bc","signature":"Group/_Ui"},
	{"flags":0,"id":"d715cdb40a7147d0bcabd80caa3c8905","signature":"H1"},
	{"flags":0,"id":"73b7cddab76c4a438d59e1c87ce2ac32","signature":"H1/_Ui"},
	{"flags":0,"id":"39e241036f1243329f6886f981a77487","signature":"H2"},
	{"flags":0,"id":"6a89267b98ac4c238dbc1c44d81ce265","signature":"H2/_Ui"},
	{"flags":0,"id":"41e0613ce1364395a026d501bbab7bf7","signature":"H3"},
	{"flags":0,"id":"59d38b2b28e54aacaa94c7b75aa52f8a","signature":"H3/_Ui"},
	{"flags":0,"id":"d75f82eea7894883bc9b0db8f3a22328","signature":"H4"},
	{"flags":0,"id":"7dceac49c52541a6a793d976b578ce10","signature":"H4/_Ui"},
	{"flags":0,"id":"422f34ca7ff14b84b2f6a5da20d51217","signature":"H5"},
	{"flags":0,"id":"2f4b58839c4c4c35b65fdca855b19b3a","signature":"H5/_Ui"},
	{"flags":0,"id":"3ada83093435438a94404cc4a2c8e252","signature":"H6"},
	{"flags":0,"id":"bc0d3ed2ce09447fa97e58ab71a974ff","signature":"H6/_Ui"},
	{"flags":0,"id":"05ee34403e4b41b799697e89f7ad4526","signature":"Head"},
	{"flags":0,"id":"23801428cb1349d990ec5ddf4a7e755e","signature":"Head/_Ui"},
	{"flags":0,"id":"84cda28b1f5f47559226ad155657cc33","signature":"Header"},
	{"flags":0,"id":"05607991b0bf4f7da877b60392aead95","signature":"Header/_Ui"},
	{"flags":0,"id":"f2d13ad1aadb499eae0f9406987305ab","signature":"Hgroup"},
	{"flags":0,"id":"421d689b17b84dacad9430051168023b","signature":"Hgroup/_Ui"},
	{"flags":0,"id":"6b65bbb662b4470ca11f7a8b6b0260dd","signature":"HistoryNote"},
	{"flags":0,"id":"b8bed60179444eda8cff9d12e1a56f69","signature":"HistoryNote/ThesaurusConcept"},
	{"flags":0,"id":"20185917c05f4fe6adc3633786624f75","signature":"HistoryNote/ThesaurusConcept/_Ui"},
	{"flags":0,"id":"4e75e41c40c842a591e93b4d18488bb0","signature":"HistoryNote/ThesaurusTerm"},
	{"flags":0,"id":"36056bc455a244ba924bc6e57e5b4b7d","signature":"HistoryNote/ThesaurusTerm/_Ui"},
	{"flags":0,"id":"848168716b424146a0b70125972a04cd","signature":"HistoryNote/_Ui"},
	{"flags":0,"id":"ae74bde1112647c2af7b84ea8508a6b7","signature":"Hr"},
	{"flags":0,"id":"8182374724544e9585da26be02468edc","signature":"Hr/_Ui"},
	{"flags":0,"id":"e9eff5272935457ba5dcdea697f6b41e","signature":"Html"},
	{"flags":0,"id":"a3ea3cec5e864b33a00e32710c1e62f9","signature":"Html/_Ui"},
	{"flags":0,"id":"2923773d1e7a4b35a6c96c08b072e9a1","signature":"I"},
	{"flags":0,"id":"129dbc2be2a745c99ef8c8c75b5837e7","signature":"I/_Ui"},
	{"flags":0,"id":"83b5fa4c28df4b32a690f498d50a825a","signature":"Iframe"},
	{"flags":0,"id":"49c1473860e64936902d0c4749343542","signature":"Iframe/_Ui"},
	{"flags":0,"id":"fe86517a3ca042ed95cb132a38f97cce","signature":"Image"},
	{"flags":0,"id":"b15c3fd742df4512b5331418b059e37b","signature":"Image/Folder"},
	{"flags":0,"id":"af5144c8264e43bda67150f942eafb21","signature":"Image/Folder/_Ui"},
	{"flags":0,"id":"a4831f22ee1e4ad8ae05fe0312100e36","signature":"Image/Image"},
	{"flags":0,"id":"5222ad6a43214c3ab84327bf33f474c6","signature":"Image/Image/_Ui"},
	{"flags":0,"id":"dbe2063fa4234936912c5e0e8affddae","signature":"Image/User"},
	{"flags":0,"id":"77a691ff97f0441e88015a428c61984f","signature":"Image/User/_Ui"},
	{"flags":0,"id":"5f3f0102feb64b819763f87fde312bb5","signature":"Image/VideoFile"},
	{"flags":0,"id":"a098de3fd0db4676be1b66e87b3a6286","signature":"Image/VideoFile/_Ui"},
	{"flags":0,"id":"c454078f6aee4e01853f2365e51a7370","signature":"Image/Widget"},
	{"flags":0,"id":"50b1e1845e6642a18891395c984dcfe3","signature":"Image/Widget/_Ui"},
	{"flags":0,"id":"951b1d3b91b34a23bf63863968f96fd1","signature":"Image/_Ui"},
	{"flags":0,"id":"56c12a6d8c1c47199eb9a0d2440c8c75","signature":"Img"},
	{"flags":0,"id":"143127ded4f54709b77cc6b2b1305786","signature":"Img/_Ui"},
	{"flags":0,"id":"c01fc0196d9340ffba2e8d4ba0763af7","signature":"Indexable"},
	{"flags":0,"id":"aa9b5e71af8c404493ec71c35470af62","signature":"Indexable/IndexedWord"},
	{"flags":0,"id":"6e1d1408de194b93a94e2bb3d35d6525","signature":"Indexable/IndexedWord/_Ui"},
	{"flags":0,"id":"7992f70892b844e48fcf4254b9c6be44","signature":"Indexable/_Ui"},
	{"flags":0,"id":"83a0f6c3b4b04af6a384ae16eab2d1e3","signature":"IndexedWord"},
	{"flags":0,"id":"850ad52688814ebeb122fab3f749c7b4","signature":"IndexedWord/Indexable"},
	{"flags":0,"id":"73e18bdbcfea49c28a9571f3973df308","signature":"IndexedWord/Indexable/_Ui"},
	{"flags":0,"id":"33be2b3edb284f6eab0e14d85f46c20f","signature":"IndexedWord/_Ui"},
	{"flags":0,"id":"03f66981a025476581ccda07c714b76a","signature":"Input"},
	{"flags":0,"id":"37cc70662f414896967d34271068e477","signature":"Input/_Ui"},
	{"flags":0,"id":"a5dc24871b2d4e3fb277aee644707704","signature":"Ins"},
	{"flags":0,"id":"fb884e6126254721a135d3156e53cd4b","signature":"Ins/_Ui"},
	{"flags":0,"id":"53d6b3e399a94014b224bf8a44231f6f","signature":"JavaScriptSource"},
	{"flags":0,"id":"ffadd421a09f4a30a2429cf4868f4b35","signature":"JavaScriptSource/_Ui"},
	{"flags":0,"id":"30553a448d34491ba5a972164c8da557","signature":"KafkaClient"},
	{"flags":0,"id":"5b8af55840064428ae6f8d2c820f8e48","signature":"KafkaClient/_Ui"},
	{"flags":0,"id":"0461af1a203c4ecaa86a1363c148112c","signature":"Kbd"},
	{"flags":0,"id":"00fb152cce044534a8b69a389b3c54e3","signature":"Kbd/_Ui"},
	{"flags":0,"id":"a9ed9ddd764c435884c896e8b6f18448","signature":"Keygen"},
	{"flags":0,"id":"216f08b20c99473b8ee405d5743a7197","signature":"Keygen/_Ui"},
	{"flags":0,"id":"dc221fadb9734baf9d8438b1834eb648","signature":"LDAPGroup"},
	{"flags":0,"id":"0b1b7f0cae6a433fb5e5b0d23233173c","signature":"LDAPGroup/_Ui"},
	{"flags":0,"id":"b970e91a0e5b418493755e84218a0e4d","signature":"LDAPUser"},
	{"flags":0,"id":"65439ec655e5481ab956b6b6f4cd07de","signature":"LDAPUser/_Ui"},
	{"flags":0,"id":"c30b1a9280ae42fc9471a53715511a73","signature":"Label"},
	{"flags":0,"id":"06e12811ea7f459092b7d80489c2469f","signature":"Label/_Ui"},
	{"flags":0,"id":"9983e738a1a34dc4ba1404abd240f259","signature":"Legend"},
	{"flags":0,"id":"2588a766e2094fce84a3f5478516d4dc","signature":"Legend/_Ui"},
	{"flags":0,"id":"418f184beecc4ba897dcc745195a7a6d","signature":"Li"},
	{"flags":0,"id":"fd5fca88262440feb78f55f264d6d2f4","signature":"Li/_Ui"},
	{"flags":0,"id":"e77af11ab6da421cb41e017b754fc937","signature":"Link"},
	{"flags":0,"id":"113a3ac6ecac4451ad03800ba3b36f3e","signature":"Link/_Ui"},
	{"flags":0,"id":"85fddc03c371470d97473e3dce0fe37c","signature":"LinkSource"},
	{"flags":0,"id":"a37aac7a26244fd883bd0ebc2567e364","signature":"LinkSource/Linkable"},
	{"flags":0,"id":"f3f61bfc664540c79fcc17ebd9542072","signature":"LinkSource/Linkable/_Ui"},
	{"flags":0,"id":"946c1dae0c2d46179553d1987194131f","signature":"LinkSource/_Ui"},
	{"flags":0,"id":"4eb814747693494d844828e1271a1765","signature":"Linkable"},
	{"flags":0,"id":"3b216d1df76a452780436eb29f665145","signature":"Linkable/LinkSource"},
	{"flags":0,"id":"07e01a130e3b4269bbac82c77979c90d","signature":"Linkable/LinkSource/_Ui"},
	{"flags":0,"id":"2623937e15734fafa85f0dc02d5bc097","signature":"Linkable/_Ui"},
	{"flags":0,"id":"3dc7b9a8e5ac441c87adb3a1a03db404","signature":"Localization"},
	{"flags":0,"id":"14567f1604204706bc22833189ed58cd","signature":"Localization/_Ui"},
	{"flags":0,"id":"7ee8abdd34bc4b9aa199329e5eceab18","signature":"Location"},
	{"flags":0,"id":"ef79608192e54e98930034fe6870907a","signature":"Location/_Ui"},
	{"flags":0,"id":"b883c3952c4847fcb75655462645c952","signature":"MQTTClient"},
	{"flags":0,"id":"1e31d946fd5a45dc9f173f72d0aaf7c0","signature":"MQTTClient/_Ui"},
	{"flags":0,"id":"dc71f5bc78b348e0a49ce4769a2f1c63","signature":"MailTemplate"},
	{"flags":0,"id":"b52840e4874c4ad895d0d32f2188f9e4","signature":"MailTemplate/_Ui"},
	{"flags":0,"id":"7738a1863f244aa7b8dc3e33d66ad608","signature":"Mailbox"},
	{"flags":0,"id":"c85cfd32e86f4217a3773624b819323e","signature":"Mailbox/EMailMessage"},
	{"flags":0,"id":"112b2a42d0f54ada850dbb7e32848db9","signature":"Mailbox/EMailMessage/_Ui"},
	{"flags":0,"id":"5ffd81aade054b19a66edc81f8500088","signature":"Mailbox/_Ui"},
	{"flags":0,"id":"74bcb3d6c5934f09ab1c14a54dfccb8d","signature":"Main"},
	{"flags":0,"id":"1676a49784444a20bd9c7e9e875bcd14","signature":"Main/_Ui"},
	{"flags":0,"id":"50c41da2d95b4bf2afc830ac3cb344e4","signature":"Map"},
	{"flags":0,"id":"41e7fd3ccee14ffc9902ae575152a217","signature":"Map/_Ui"},
	{"flags":0,"id":"a881c1b9770246d8a441e73e80185a5a","signature":"Mark"},
	{"flags":0,"id":"92493e4741694767b16712b51c8299e3","signature":"Mark/_Ui"},
	{"flags":0,"id":"e60858703edb46ec86d3d2ba3fcb150c","signature":"Menu"},
	{"flags":0,"id":"8c9f450a07344b65a16b48f1ff25f2e1","signature":"Menu/_Ui"},
	{"flags":0,"id":"13752b393c0a49bcba8583edf44efa2c","signature":"MessageClient"},
	{"flags":0,"id":"755ec04f39c4491cacda381e7e46482f","signature":"MessageClient/MessageSubscriber"},
	{"flags":0,"id":"ce30501469bd49cabf8797292ee913d6","signature":"MessageClient/MessageSubscriber/_Ui"},
	{"flags":0,"id":"c33fe79d78e149eca7dbd1f1c11b7bec","signature":"MessageClient/_Ui"},
	{"flags":0,"id":"5588fea93f604215af1a70cebd00e94c","signature":"MessageSubscriber"},
	{"flags":0,"id":"44134089e0ac4c46aceda6dd27f710da","signature":"MessageSubscriber/MessageClient"},
	{"flags":0,"id":"3507ddf03834408fa5d147129564b540","signature":"MessageSubscriber/MessageClient/_Ui"},
	{"flags":0,"id":"cf83c727df7f4accb42c766789966081","signature":"MessageSubscriber/_Ui"},
	{"flags":0,"id":"186692633c174ed3b7e847ade29ff8c0","signature":"Meta"},
	{"flags":0,"id":"d0b76cf1cfda482bb07ac9580a6bdff0","signature":"Meta/_Ui"},
	{"flags":0,"id":"4ea7c015510c4b9a84333d2b97027aa3","signature":"MetadataNode"},
	{"flags":0,"id":"dce4bbc247a245829dfb44e00f9150f2","signature":"MetadataNode/StructuredDocument"},
	{"flags":0,"id":"eccdf442d54c438c910f6617e50b1773","signature":"MetadataNode/StructuredDocument/_Ui"},
	{"flags":0,"id":"c5e4c52397ff47c680f8c6bd73127120","signature":"MetadataNode/_Ui"},
	{"flags":0,"id":"111aaa3e00ff4e988ab874d44f766416","signature":"Meter"},
	{"flags":0,"id":"7199be615bc1470abe9a49805abe22f4","signature":"Meter/_Ui"},
	{"flags":0,"id":"8c0ef224c7f34c1391eab025b80577f2","signature":"MinifiedCssFile"},
	{"flags":0,"id":"f1e347b434fd418ba6672b2031b5fb51","signature":"MinifiedCssFile/_Ui"},
	{"flags":0,"id":"9038e32396b0416793f77eb5a24ecdeb","signature":"MinifiedJavaScriptFile"},
	{"flags":0,"id":"0b03799581dd4409b9d8e7582739fa65","signature":"MinifiedJavaScriptFile/_Ui"},
	{"flags":0,"id":"b87f06787ff54554b04c5bfb675df500","signature":"Nav"},
	{"flags":0,"id":"6c44b984cb1e48b382132b933d79f8b0","signature":"Nav/_Ui"},
	{"flags":0,"id":"9ca9522ac71740c0bfc99f6a342f076a","signature":"NewsArticle"},
	{"flags":0,"id":"f1f73580a63144f888ec7d12f319d7a0","signature":"NewsArticle/ProjectMember"},
	{"flags":0,"id":"307765d2977741fc8b552a3eb612c247","signature":"NewsArticle/ProjectMember/_Ui"},
	{"flags":0,"id":"c0e99bb8843d4206a497f51d982a20b3","signature":"NewsArticle/_Ui"},
	{"flags":0,"id":"93744f5403874fe599cbf23e632bf4e3","signature":"NodeLabel"},
	{"flags":0,"id":"0db0345b38a9483bad0f0afe859f3d01","signature":"NodeLabel/ThesaurusArray"},
	{"flags":0,"id":"87002d2771034d588dd0ca1ea77706ca","signature":"NodeLabel/ThesaurusArray/_Ui"},
	{"flags":0,"id":"9d69f5dd94b84b1ea9fccbbb875366de","signature":"NodeLabel/_Ui"},
	{"flags":0,"id":"7239df58367e45a2a3a2fe4072ad26d8","signature":"Noscript"},
	{"flags":0,"id":"3f4b4b34aec14147bcdb3cf78b5cadd8","signature":"Noscript/_Ui"},
	{"flags":0,"id":"c2e11176bdc0460996ceda354dc8ddbd","signature":"Note"},
	{"flags":0,"id":"60c34cce163f495fa976bb5668dfe2f8","signature":"Note/ThesaurusConcept"},
	{"flags":0,"id":"234674dcc12a46a8a6da750c05c4c069","signature":"Note/ThesaurusConcept/_Ui"},
	{"flags":0,"id":"6a65e1863d2f451781ce6ef7f71a61c3","signature":"Note/_Ui"},
	{"flags":0,"id":"d6efc01b628544afa173274f026bb287","signature":"ODFExporter"},
	{"flags":0,"id":"56a57f107eb64cf2aa3c9c130a5b09cd","signature":"ODFExporter/File"},
	{"flags":0,"id":"7178095022b041749cb969b322ede880","signature":"ODFExporter/File/_Ui"},
	{"flags":0,"id":"5301d43a174b41b1becd96262874354f","signature":"ODFExporter/VirtualType"},
	{"flags":0,"id":"aa1034402c424c2ab36c9e681f29ffa6","signature":"ODFExporter/VirtualType/_Ui"},
	{"flags":0,"id":"1bb3ed59442e4aae916c1cfb67c51761","signature":"ODFExporter/_Ui"},
	{"flags":0,"id":"32d9d841cf98453eac5b0166a413bcf9","signature":"ODSExporter"},
	{"flags":0,"id":"133e82cdb8d345b9a2899e9af2c2e224","signature":"ODSExporter/_Ui"},
	{"flags":0,"id":"51ffc460477848c18651f963fb2a6fee","signature":"ODTExporter"},
	{"flags":0,"id":"ad5b7a12dafd41019ce325b5afe9bd59","signature":"ODTExporter/_Ui"},
	{"flags":0,"id":"689be42298584b098b7a366211894ee5","signature":"Object"},
	{"flags":0,"id":"fbdbbbbfbb4a4eeea6f2b308a84e5233","signature":"Object/_Ui"},
	{"flags":0,"id":"d8203c5c9d674656a65b3e380a8aa8b5","signature":"Ol"},
	{"flags":0,"id":"1df7231e1c25491faf650473575b522f","signature":"Ol/_Ui"},
	{"flags":0,"id":"9f6da046596f414facd44f585ce004f5","signature":"Optgroup"},
	{"flags":0,"id":"361d1b69b5894218b6c220169dbff41a","signature":"Optgroup/_Ui"},
	{"flags":0,"id":"2cdb9f2a0a004f3dad4b5c78d94d3ec9","signature":"Option"},
	{"flags":0,"id":"5fc0b0e374364f8d9da49069c5abba8b","signature":"Option/_Ui"},
	{"flags":0,"id":"efbbf9f733bb410c88a1b184d77ac8bd","signature":"Organisation"},
	{"flags":0,"id":"61ddf4ee799a4c8ba55ff9e30b62b969","signature":"Organisation/SoftwareApplication"},
	{"flags":0,"id":"a9e632513f3744fbbf11ff1b3c99ff20","signature":"Organisation/SoftwareApplication/_Ui"},
	{"flags":0,"id":"deadcb933a26458e99c66bcdb203bfe5","signature":"Organisation/_Ui"},
	{"flags":0,"id":"916e555ed6154f14be21912969a78b77","signature":"Output"},
	{"flags":0,"id":"baf436294e0f4cb6ad28420268963a57","signature":"Output/_Ui"},
	{"flags":0,"id":"68dc143b40ae4963abd23b447feb06e0","signature":"P"},
	{"flags":0,"id":"2d6a995eba584018b0aee97429e308e5","signature":"P/_Ui"},
	{"flags":0,"id":"9ee81540b8fe43198e6466d9b46ed56e","signature":"Page"},
	{"flags":0,"id":"d68540415d4944e3aa7fa9f47ebceccb","signature":"Page/DOMNode"},
	{"flags":0,"id":"7d4631b711544f85b743888570ff5ab8","signature":"Page/DOMNode/_Ui"},
	{"flags":0,"id":"e11b2d955b54400b9355636581c7d685","signature":"Page/Site"},
	{"flags":0,"id":"ab83a4a3663f44d08fcfec199b64b5f5","signature":"Page/Site/_Ui"},
	{"flags":0,"id":"eb565719b947499ca2dde905c3e497b7","signature":"Page/_Ui"},
	{"flags":0,"id":"e98afd5bfab54afe8019dfc49cda4bd4","signature":"Param"},
	{"flags":0,"id":"23ab1ed7a6684e43bfe27e2fb3e3a110","signature":"Param/_Ui"},
	{"flags":0,"id":"89f32531ef944129988df1738da64256","signature":"PaymentItemNode"},
	{"flags":0,"id":"364102c622bb4a0b9d10e3a8371f0214","signature":"PaymentItemNode/PaymentNode"},
	{"flags":0,"id":"abd61b3277044a9d840c0dee9a23f31e","signature":"PaymentItemNode/PaymentNode/_Ui"},
	{"flags":0,"id":"3786aa8068334f5cb470cd6eff091ad9","signature":"PaymentItemNode/_Ui"},
	{"flags":0,"id":"3d507399a792489d88bebed95865248e","signature":"PaymentNode"},
	{"flags":0,"id":"1b9c4ed2f1bc4b189f8a82a5df76c8e3","signature":"PaymentNode/PaymentItemNode"},
	{"flags":0,"id":"90f24b8dc74b4541a29eee6443464858","signature":"PaymentNode/PaymentItemNode/_Ui"},
	{"flags":0,"id":"d83789a2275741b9a159a092d36eeb55","signature":"PaymentNode/_Ui"},
	{"flags":0,"id":"bb736da1450b4cd1af7f5f941430c9b4","signature":"Person"},
	{"flags":0,"id":"4a6f4e7fb5f34c2486e919390900c89f","signature":"Person/_Ui"},
	{"flags":0,"id":"50bee293ab8d43eabd4bfbaab2424b88","signature":"Pre"},
	{"flags":0,"id":"4ae70bad229442a6a201483908b580e7","signature":"Pre/_Ui"},
	{"flags":0,"id":"ad099c14aa6c42a2a91616818c7d57f3","signature":"PreferredTerm"},
	{"flags":0,"id":"51f5906c44be458ca27cbe11b0a02cc9","signature":"PreferredTerm/SimpleNonPreferredTerm"},
	{"flags":0,"id":"6fef00f585f541418908c143ea26f5fc","signature":"PreferredTerm/SimpleNonPreferredTerm/_Ui"},
	{"flags":0,"id":"c427ccfb526d4a6d82cbda3c3ce4d486","signature":"PreferredTerm/SplitNonPreferredTerm"},
	{"flags":0,"id":"d01721f24bdb42b69136f60ca69fc702","signature":"PreferredTerm/SplitNonPreferredTerm/_Ui"},
	{"flags":0,"id":"64b4897c51664250bc23cf31054c6214","signature":"PreferredTerm/ThesaurusConcept"},
	{"flags":0,"id":"45811e235664481a9ffb1868aae58a6d","signature":"PreferredTerm/ThesaurusConcept/_Ui"},
	{"flags":0,"id":"f0fe9fa25dcc4fb89b60a563308375e8","signature":"PreferredTerm/_Ui"},
	{"flags":0,"id":"b8226a56f0d24ad992f00f1ffd3659e6","signature":"Principal"},
	{"flags":0,"id":"94042f9235a34c8ea31fa3d7305848ac","signature":"Principal/Favoritable"},
	{"flags":0,"id":"a73509dfa30f4e69b02574b513c0dd27","signature":"Principal/Favoritable/_Ui"},
	{"flags":0,"id":"4ac53c47cd77417a999fc7eadfce576f","signature":"Principal/Group"},
	{"flags":0,"id":"f1e47c3824c1471c9af7a16f8baad9b6","signature":"Principal/Group/_Ui"},
	{"flags":0,"id":"bc0e8cd764d8402c88379f939a591dfe","signature":"Principal/_Ui"},
	{"flags":0,"id":"7d07cf4f019743f78870f016494daf81","signature":"Progress"},
	{"flags":0,"id":"448dd92a55404862810dd39b6c09c5db","signature":"Progress/_Ui"},
	{"flags":0,"id":"7eb42b63025a42af80f4a8c09f76d5f7","signature":"ProjectMember"},
	{"flags":0,"id":"0b40e2dbc77548829019bbf822a4ef6b","signature":"ProjectMember/NewsArticle"},
	{"flags":0,"id":"c884e5af8224492faff797e84f97fa14","signature":"ProjectMember/NewsArticle/_Ui"},
	{"flags":0,"id":"3d9948e24c4b4af7bcbe0bb1d1ac53ab","signature":"ProjectMember/_Ui"},
	{"flags":0,"id":"0982290d5f4246fc9abd28319af2ef2b","signature":"Q"},
	{"flags":0,"id":"bb86bb1069014ffc83ab8a156df736a9","signature":"Q/_Ui"},
	{"flags":0,"id":"f80782fdfbab4ad8a716586af380a081","signature":"RemoteDocument"},
	{"flags":0,"id":"16fec351038541c482e7fce051239e30","signature":"RemoteDocument/_Ui"},
	{"flags":0,"id":"9e2435390a73461582fcd85d2a11499e","signature":"Rp"},
	{"flags":0,"id":"3133137a142b414d8c982e6db4de3989","signature":"Rp/_Ui"},
	{"flags":0,"id":"49c0f1febc8c45eda1b82ded206e09b3","signature":"Rt"},
	{"flags":0,"id":"4ad7a12fdbb24f12bd8acce7001cf0da","signature":"Rt/_Ui"},
	{"flags":0,"id":"cdd505cf223644a29cd83823d94c5030","signature":"Ruby"},
	{"flags":0,"id":"f5fc7d9b02ef489dbcd31b3909595131","signature":"Ruby/_Ui"},
	{"flags":0,"id":"dfd31d650f0c41c099e58f3f4e7b4379","signature":"S"},
	{"flags":0,"id":"fb80791799d04436ae6a879b20f2e77f","signature":"S/_Ui"},
	{"flags":0,"id":"2368b8efa52d484ca489e8a14162b6b0","signature":"Samp"},
	{"flags":0,"id":"a6e19dbae9664ecd96b5406482118fe4","signature":"Samp/_Ui"},
	{"flags":0,"id":"f7efe06038dc4819b44135e2e435fac0","signature":"ScopeNote"},
	{"flags":0,"id":"98c53b8a194c45d694a789817706535f","signature":"ScopeNote/ThesaurusConcept"},
	{"flags":0,"id":"800afefb8c284e54a0232ed8f85dabf7","signature":"ScopeNote/ThesaurusConcept/_Ui"},
	{"flags":0,"id":"6af12018813e4eaba1fee1dd28c01438","signature":"ScopeNote/_Ui"},
	{"flags":0,"id":"e05e5c94cbc9455984b811efabd6748a","signature":"Script"},
	{"flags":0,"id":"b0b4d0d31ce74096997a6d2ea6b84a3b","signature":"Script/_Ui"},
	{"flags":0,"id":"b6e76c9a542c4a0aba6d54a53956b34c","signature":"Section"},
	{"flags":0,"id":"1d164aef61864a95909d0199da17e4b4","signature":"Section/_Ui"},
	{"flags":0,"id":"b66c9adb975840f1ad3f801cce93b2a7","signature":"Select"},
	{"flags":0,"id":"c079d596e27f401e8e3b3fb2e179a99e","signature":"Select/_Ui"},
	{"flags":0,"id":"e7d7a6e2ac924f9bb096c6babe7b138a","signature":"ShadowDocument"},
	{"flags":0,"id":"20897afe669d4e7aafa61936110e001c","signature":"ShadowDocument/_Ui"},
	{"flags":0,"id":"a09fd69cdedb440b94141c91f759aecd","signature":"SimpleNonPreferredTerm"},
	{"flags":0,"id":"2f7b865e6f9b491d95428aa171f13b2c","signature":"SimpleNonPreferredTerm/PreferredTerm"},
	{"flags":0,"id":"486f41c2d52e41eaa30f3cc75664205b","signature":"SimpleNonPreferredTerm/PreferredTerm/_Ui"},
	{"flags":0,"id":"0344ef3f6cce4b73bae441bf5a8a442b","signature":"SimpleNonPreferredTerm/ThesaurusConcept"},
	{"flags":0,"id":"002f05d2df2d4fa3835b30bb20e15625","signature":"SimpleNonPreferredTerm/ThesaurusConcept/_Ui"},
	{"flags":0,"id":"695736710e004f0db632480e7790fc24","signature":"SimpleNonPreferredTerm/_Ui"},
	{"flags":0,"id":"d5c67cbb44aa40e2aeeddc5438133f92","signature":"Site"},
	{"flags":0,"id":"ac7007467cd64266b9ea00e3b367412a","signature":"Site/Page"},
	{"flags":0,"id":"0cc2efdf22cc4715beeea6cef8f97454","signature":"Site/Page/_Ui"},
	{"flags":0,"id":"a003bc5eb5d94e0ba4cf1570f7512381","signature":"Site/_Ui"},
	{"flags":0,"id":"1b388464aa4f4f1f8e0c5bf28319048a","signature":"Small"},
	{"flags":0,"id":"5d4bbaaf743f4717a17e9f6f28428326","signature":"Small/_Ui"},
	{"flags":0,"id":"d9c9418c48a545879d636392fc464b42","signature":"SoftwareApplication"},
	{"flags":0,"id":"3f723bfd26324ed084f65e88365caf81","signature":"SoftwareApplication/FeedbackMessage"},
	{"flags":0,"id":"19948c21ee184849a3e1411019e244a7","signature":"SoftwareApplication/FeedbackMessage/_Ui"},
	{"flags":0,"id":"fca64ce2ee1c4f3f8c46e034201a485e","signature":"SoftwareApplication/Organisation"},
	{"flags":0,"id":"26764949bc244426b4f383ca11b65227","signature":"SoftwareApplication/Organisation/_Ui"},
	{"flags":0,"id":"5a862087ad2e4ae4976dda0a24c04637","signature":"SoftwareApplication/_Ui"},
	{"flags":0,"id":"52d5c40bed154d95951ad9117ae7ad26","signature":"Source"},
	{"flags":0,"id":"3765c1402f644908addf75496330b7f4","signature":"Source/_Ui"},
	{"flags":0,"id":"fe14f0f88b6c4554b5d3d31de9a8e79d","signature":"Span"},
	{"flags":0,"id":"6f2a1f54589c4dfb9bb6738ec04fb699","signature":"Span/_Ui"},
	{"flags":0,"id":"2981528f61db4384b45efcd6e2578928","signature":"SplitNonPreferredTerm"},
	{"flags":0,"id":"8feddb21c2654cf284c3d95747b6a2f4","signature":"SplitNonPreferredTerm/PreferredTerm"},
	{"flags":0,"id":"4629bf379a1e48dba4a84aa541ab2b97","signature":"SplitNonPreferredTerm/PreferredTerm/_Ui"},
	{"flags":0,"id":"84a542c1566a4bbb997b6d68d760ae2a","signature":"SplitNonPreferredTerm/_Ui"},
	{"flags":0,"id":"0d7dfc8a1ae645c490b90703d08340cd","signature":"Strong"},
	{"flags":0,"id":"a3aa845893c84297838433e97a1c53f3","signature":"Strong/_Ui"},
	{"flags":0,"id":"4f26b89407724ddc8a2ce4742140dcf6","signature":"StructuredDocument"},
	{"flags":0,"id":"4b6a6e4369234913a853d7f71bf5cb1b","signature":"StructuredDocument/MetadataNode"},
	{"flags":0,"id":"cb24800c461c4b54ace71f896885336e","signature":"StructuredDocument/MetadataNode/_Ui"},
	{"flags":0,"id":"0f14373fa2fc4599b98c19d44be3a5ff","signature":"StructuredDocument/_Ui"},
	{"flags":0,"id":"361a6832aa544be5a62213d9151803bb","signature":"StructuredTextNode"},
	{"flags":0,"id":"05592b52cdb349d68546593f9922b88c","signature":"StructuredTextNode/StructuredTextNode"},
	{"flags":0,"id":"6793043a402340fb83ce25c801d30eb2","signature":"StructuredTextNode/StructuredTextNode/_Ui"},
	{"flags":0,"id":"bc697ed28b034ca2a9d8dcf7af878a72","signature":"StructuredTextNode/_Ui"},
	{"flags":0,"id":"60cf6d9b7c844daf87e73075927434ae","signature":"Style"},
	{"flags":0,"id":"d8133afde37140ae974af0610b0072c2","signature":"Style/_Ui"},
	{"flags":0,"id":"74943284b1d542e2bac0138d42398813","signature":"Sub"},
	{"flags":0,"id":"0bd2b782716143cb96845f44b228b744","signature":"Sub/_Ui"},
	{"flags":0,"id":"00652605ebdb4e43a99b8d803c2e8606","signature":"Summary"},
	{"flags":0,"id":"2a751ade333d448d999961a0fcb9d7a6","signature":"Summary/_Ui"},
	{"flags":0,"id":"1a931f7c4aaa4bbb841cf9a459c30ab9","signature":"Sup"},
	{"flags":0,"id":"44285adca80e4ac682b29f2b66678c83","signature":"Sup/_Ui"},
	{"flags":0,"id":"f9acae207502478f87502a4eb3ad0dd6","signature":"Table"},
	{"flags":0,"id":"7dff36ea34cb4698b3bbdf8831f6326b","signature":"Table/_Ui"},
	{"flags":0,"id":"e662d2eb4d9e4e158f2206e644c456d5","signature":"Tbody"},
	{"flags":0,"id":"89b81831d6e0421580a264837cda7cfc","signature":"Tbody/_Ui"},
	{"flags":0,"id":"8dff7de9287a49468e60f296d714d7d9","signature":"Td"},
	{"flags":0,"id":"2d911a0564584f388622b82ff5be525b","signature":"Td/_Ui"},
	{"flags":0,"id":"2c5eaf8e008c4452bd97718a734409b6","signature":"Template"},
	{"flags":0,"id":"99e67671b775435b9dd8705b66b580f6","signature":"Template/_Ui"},
	{"flags":0,"id":"f0b65cbfc8af4aeba4d018eaf8cf457e","signature":"Textarea"},
	{"flags":0,"id":"bfff2d67e0fa41f2a60041d889eba358","signature":"Textarea/_Ui"},
	{"flags":0,"id":"191ef55582884f9083bd3916c30a8b2d","signature":"Tfoot"},
	{"flags":0,"id":"87a95964775a407ab6bd79ac44690ded","signature":"Tfoot/_Ui"},
	{"flags":0,"id":"a52830d80a444a67af81b900f459610c","signature":"Th"},
	{"flags":0,"id":"2a1c1e015e9a4ce0b935a619cc9a0eaa","signature":"Th/_Ui"},
	{"flags":0,"id":"dd9b64d9784f4290b420946f9fbdccd6","signature":"Thead"},
	{"flags":0,"id":"81a5c439fade4dfe8e03aed16213d433","signature":"Thead/_Ui"},
	{"flags":0,"id":"315459b5fc5d4ec49c77563050470d2d","signature":"Thesaurus"},
	{"flags":0,"id":"4b068533fcb84fd48726bfdbb4fe3a0a","signature":"Thesaurus/ConceptGroup"},
	{"flags":0,"id":"50d49ce8044e462f817df67ff4522abe","signature":"Thesaurus/ConceptGroup/_Ui"},
	{"flags":0,"id":"75f8d5c5149748839e70927367ca0d0c","signature":"Thesaurus/ThesaurusArray"},
	{"flags":0,"id":"1495a7ffab0848eb852490c1b260979e","signature":"Thesaurus/ThesaurusArray/_Ui"},
	{"flags":0,"id":"98407f248fd94a188a0379029258a3f5","signature":"Thesaurus/ThesaurusConcept"},
	{"flags":0,"id":"405a4d760f184c8081231f87678df0f2","signature":"Thesaurus/ThesaurusConcept/_Ui"},
	{"flags":0,"id":"270d525429384964acfb187d8f455dd9","signature":"Thesaurus/VersionHistory"},
	{"flags":0,"id":"23714bce3f11401fb9edd76d9c18260d","signature":"Thesaurus/VersionHistory/_Ui"},
	{"flags":0,"id":"8d02e214d3cc4e04887047058e70a7ae","signature":"Thesaurus/_Ui"},
	{"flags":0,"id":"22ad5ca9842245a0b0c738459b4cb30a","signature":"ThesaurusArray"},
	{"flags":0,"id":"6636f30449204f44b5ae461a57c3463e","signature":"ThesaurusArray/NodeLabel"},
	{"flags":0,"id":"6bd17e217e594453ae8d9c42c1995bf4","signature":"ThesaurusArray/NodeLabel/_Ui"},
	{"flags":0,"id":"55a63018811e4183be8998c25b2eaa68","signature":"ThesaurusArray/Thesaurus"},
	{"flags":0,"id":"941dc02d6ebc43569694f175192a5001","signature":"ThesaurusArray/Thesaurus/_Ui"},
	{"flags":0,"id":"2d1249f5c1c3480e95e88977eff8f246","signature":"ThesaurusArray/ThesaurusArray"},
	{"flags":0,"id":"99af917cb3e64c78ad643ad68bd8a3aa","signature":"ThesaurusArray/ThesaurusArray/_Ui"},
	{"flags":0,"id":"8ade6e6c08ea4150b9f944f8a2b9d288","signature":"ThesaurusArray/ThesaurusConcept"},
	{"flags":0,"id":"459935fb60d64c889c58e13df1c24c80","signature":"ThesaurusArray/ThesaurusConcept/_Ui"},
	{"flags":0,"id":"1e8b12d226044d14becfdad12d14f234","signature":"ThesaurusArray/_Ui"},
	{"flags":0,"id":"8013a348c90442479104e111e991268e","signature":"ThesaurusConcept"},
	{"flags":0,"id":"86e7eba2e29b4f2280910c0780a2db33","signature":"ThesaurusConcept/ConceptGroup"},
	{"flags":0,"id":"afff954356034d088ed97d8f7c26f208","signature":"ThesaurusConcept/ConceptGroup/_Ui"},
	{"flags":0,"id":"d1738d63843d450eb6c5bb5f553804e2","signature":"ThesaurusConcept/CustomConceptAttribute"},
	{"flags":0,"id":"c94a46969ed344b197ff0e9df420a05b","signature":"ThesaurusConcept/CustomConceptAttribute/_Ui"},
	{"flags":0,"id":"2294a9078ba846ba9434e41c6cf8fb0b","signature":"ThesaurusConcept/CustomNote"},
	{"flags":0,"id":"adae5a646b724d649f5022300d803764","signature":"ThesaurusConcept/CustomNote/_Ui"},
	{"flags":0,"id":"c3986c730d1d4133bf32ecd6ea7bd4f9","signature":"ThesaurusConcept/HistoryNote"},
	{"flags":0,"id":"3dfa3aed0feb458bb941ddecf3148469","signature":"ThesaurusConcept/HistoryNote/_Ui"},
	{"flags":0,"id":"81c60671bdf54b7cb4d9bed8fc3a6e0a","signature":"ThesaurusConcept/Note"},
	{"flags":0,"id":"78621ed21e51431bb0315f60cce4b4b6","signature":"ThesaurusConcept/Note/_Ui"},
	{"flags":0,"id":"c27274450a64401e8e7885083a1b8499","signature":"ThesaurusConcept/PreferredTerm"},
	{"flags":0,"id":"4fab442e243c4e1e961a116021cfa3e4","signature":"ThesaurusConcept/PreferredTerm/_Ui"},
	{"flags":0,"id":"e19b459fb6f04b909db619199c136a73","signature":"ThesaurusConcept/ScopeNote"},
	{"flags":0,"id":"4ebc8209f2d14cca966dd41ead61226d","signature":"ThesaurusConcept/ScopeNote/_Ui"},
	{"flags":0,"id":"9911c90efe4e45d4bb30bc1f87e9ae69","signature":"ThesaurusConcept/SimpleNonPreferredTerm"},
	{"flags":0,"id":"075003a2ce5f40cfb505189a8992c2f0","signature":"ThesaurusConcept/SimpleNonPreferredTerm/_Ui"},
	{"flags":0,"id":"e83a5d5077a44b0eae54da135ddb27d8","signature":"ThesaurusConcept/Thesaurus"},
	{"flags":0,"id":"1b1af61bda1545e889be15cb2e78c85e","signature":"ThesaurusConcept/Thesaurus/_Ui"},
	{"flags":0,"id":"e40f3d23820d4ba096e71fa80f456b3d","signature":"ThesaurusConcept/ThesaurusArray"},
	{"flags":0,"id":"ecdc12621da144b6b4d4fd19b9e6daec","signature":"ThesaurusConcept/ThesaurusArray/_Ui"},
	{"flags":0,"id":"93307780af334783aa1c9254bc25c7b2","signature":"ThesaurusConcept/ThesaurusConcept"},
	{"flags":0,"id":"6a181dd0e437428499f6cd09b5b81be7","signature":"ThesaurusConcept/ThesaurusConcept/_Ui"},
	{"flags":0,"id":"41c705607f084165b7ed0d6b59376447","signature":"ThesaurusConcept/_Ui"},
	{"flags":0,"id":"63df3d1a7675450ca8fde342b8778d56","signature":"ThesaurusTerm"},
	{"flags":0,"id":"116d4c00df164b0cb5a718e7b0f4493f","signature":"ThesaurusTerm/CustomTermAttribute"},
	{"flags":0,"id":"02784c82cc044e80841d885bb2921efd","signature":"ThesaurusTerm/CustomTermAttribute/_Ui"},
	{"flags":0,"id":"14f32c9126ad4301bc8fe929aa48d0cb","signature":"ThesaurusTerm/Definition"},
	{"flags":0,"id":"3749260204234fe58a0f2965582f0233","signature":"ThesaurusTerm/Definition/_Ui"},
	{"flags":0,"id":"1ada4f1a2dbd422fb9a0230279618861","signature":"ThesaurusTerm/EditorialNote"},
	{"flags":0,"id":"9eb8d9c6887d4515a17d030fdd76df59","signature":"ThesaurusTerm/EditorialNote/_Ui"},
	{"flags":0,"id":"5d41d08ceee44997bf3d64a423cfff69","signature":"ThesaurusTerm/HistoryNote"},
	{"flags":0,"id":"3b30be4205044712a50bf182e1a8b9b4","signature":"ThesaurusTerm/HistoryNote/_Ui"},
	{"flags":0,"id":"71dda43de58e40eabb4e0ea2a4b63272","signature":"ThesaurusTerm/_Ui"},
	{"flags":0,"id":"ad447037de3448ea9001b81d680169e1","signature":"Time"},
	{"flags":0,"id":"feeea0db4727440996a9b5debca7acbd","signature":"Time/_Ui"},
	{"flags":0,"id":"b552a259a658481da141aa3a4be92c5c","signature":"Title"},
	{"flags":0,"id":"5845b500a6274c92bc0bd4c1490ff50b","signature":"Title/_Ui"},
	{"flags":0,"id":"41f35ec3fb7747e38323240d0f8f52e5","signature":"Tr"},
	{"flags":0,"id":"51f6e76175d244b0b4d1afc5116788c0","signature":"Tr/_Ui"},
	{"flags":0,"id":"5f8939c9cb63442baa7155925bab43d8","signature":"Track"},
	{"flags":0,"id":"a98185c603b246f6807c767b2875ef2c","signature":"Track/_Ui"},
	{"flags":0,"id":"f9cf6d12d4eb40b2a01776ac3313d021","signature":"Trash"},
	{"flags":0,"id":"00dbd0d81572406785608bc5599d3944","signature":"Trash/_Ui"},
	{"flags":0,"id":"709d08710d664efb8e48f6258bd013a2","signature":"U"},
	{"flags":0,"id":"8b35c850170e49a2910e71927c313adb","signature":"U/_Ui"},
	{"flags":0,"id":"e8cead67e3fa4f66a574cabec533c600","signature":"Ul"},
	{"flags":0,"id":"dd2b8daa52934c4e83806fab3d3220c6","signature":"Ul/_Ui"},
	{"flags":0,"id":"fb2be027e77a466589d32c44cac3f7c8","signature":"User"},
	{"flags":0,"id":"89a06085b7dd446982af3a46219eed53","signature":"User/Folder"},
	{"flags":0,"id":"8327da67600f480596119b82afec0fe1","signature":"User/Folder/_Ui"},
	{"flags":0,"id":"6e314ced1ce14c4ea78308b8cf51472d","signature":"User/Image"},
	{"flags":0,"id":"2d0e713bbd4f4357b9f04a71bfedd70f","signature":"User/Image/_Ui"},
	{"flags":0,"id":"1c74d6f4011147cdbcb5b1f5e89c140d","signature":"User/_Ui"},
	{"flags":0,"id":"a5404a758864437a85c180b46795734f","signature":"Var"},
	{"flags":0,"id":"d38220fd7a3841ad9c0e42efa7849b35","signature":"Var/_Ui"},
	{"flags":0,"id":"c6cc9201bec1427f95174272e90537a2","signature":"VersionHistory"},
	{"flags":0,"id":"39111b5822e8408a9a8af3b65495c8e6","signature":"VersionHistory/Thesaurus"},
	{"flags":0,"id":"1c37eb19c39e4ce881d61daf039ac6b1","signature":"VersionHistory/Thesaurus/_Ui"},
	{"flags":0,"id":"74b88c91edfa4c128637d1bcff49177d","signature":"VersionHistory/_Ui"},
	{"flags":0,"id":"60db86b44189414394425059587ecd18","signature":"Video"},
	{"flags":0,"id":"15df513009d648e58a15debb930a4715","signature":"Video/_Ui"},
	{"flags":0,"id":"5e5eca70fcba4e2f90ac907c129953f9","signature":"VideoArticle"},
	{"flags":0,"id":"ab4b05e5748d4b3c8a4840b9e6cdf1bc","signature":"VideoArticle/_Ui"},
	{"flags":0,"id":"6ad736c9ed4b42b9945c98f4984396b5","signature":"VideoFile"},
	{"flags":0,"id":"ad743aa68596478db9f4cdc45beff0dc","signature":"VideoFile/Image"},
	{"flags":0,"id":"233407a6af8342c4abdf527f3e0bd176","signature":"VideoFile/Image/_Ui"},
	{"flags":0,"id":"b84cfeaa06074bde82fa8e810086833e","signature":"VideoFile/VideoFile"},
	{"flags":0,"id":"1ef5b49418454ec095f49d316ac7fc13","signature":"VideoFile/VideoFile/_Ui"},
	{"flags":0,"id":"8dfbaebc6d964447b1688a97ce0bbe46","signature":"VideoFile/_Ui"},
	{"flags":0,"id":"e6668be869864d9a8a4dabb74cf5a176","signature":"VirtualProperty"},
	{"flags":0,"id":"b0c1f3b7af3c414d8aaa05a6a0d62021","signature":"VirtualProperty/VirtualType"},
	{"flags":0,"id":"9f7e5c6c745b49a0b41815a8bacd90f1","signature":"VirtualProperty/VirtualType/_Ui"},
	{"flags":0,"id":"6650c942a9334f86b23eaf7e2da3887f","signature":"VirtualProperty/_Ui"},
	{"flags":0,"id":"6d00a5a28ce24e4ea65a9cf269c38444","signature":"VirtualType"},
	{"flags":0,"id":"61b5f1ac979f4f16b771116918c06043","signature":"VirtualType/ODFExporter"},
	{"flags":0,"id":"d3bda0739fec4d0a96ab69050f16946e","signature":"VirtualType/ODFExporter/_Ui"},
	{"flags":0,"id":"14c6df7d881745318e04821e1c84076d","signature":"VirtualType/VirtualProperty"},
	{"flags":0,"id":"d3b865c6876d416ba8ba6c7c94cbc5e7","signature":"VirtualType/VirtualProperty/_Ui"},
	{"flags":0,"id":"68bcc0b38c0f4ca5a69a0607583314ee","signature":"VirtualType/_Ui"},
	{"flags":0,"id":"01ac08b18b5b41bdb02ad6c085217bda","signature":"Wbr"},
	{"flags":0,"id":"fe5f0739a9494ec686f4357a3c97338b","signature":"Wbr/_Ui"},
	{"flags":0,"id":"75ffa518f2284ce89f2576ccbe6bd7f7","signature":"Widget"},
	{"flags":0,"id":"f0b4bd4485de43a7bf31f38cf0fc818d","signature":"Widget/Image"},
	{"flags":0,"id":"6dab769d137c4216a4ad48bb5ae42576","signature":"Widget/Image/_Ui"},
	{"flags":0,"id":"adf41ce08f914ef19b21a1bdee06f307","signature":"Widget/_Ui"},
	{"flags":0,"id":"8907e568bb0a47258bc6410095c01a46","signature":"XMPPClient"},
	{"flags":0,"id":"c11f87c1508c47669be8d7d24ce1a7dc","signature":"XMPPClient/XMPPRequest"},
	{"flags":0,"id":"e51aaf9a5de84a1ba3610b716b1eee4d","signature":"XMPPClient/XMPPRequest/_Ui"},
	{"flags":0,"id":"d22bb354577642e899976f4e8a6ecf1a","signature":"XMPPClient/_Ui"},
	{"flags":0,"id":"ae132434d1c545bb9aefb0f4388db2b8","signature":"XMPPRequest"},
	{"flags":0,"id":"52bea8847440405290827799390e8bf4","signature":"XMPPRequest/XMPPClient"},
	{"flags":0,"id":"a30a13c46f43403685feac49b1552953","signature":"XMPPRequest/XMPPClient/_Ui"},
	{"flags":0,"id":"7a3c43fe842449a09df05b11ca9617e3","signature":"XMPPRequest/_Ui"},
	{"flags":64,"id":"033e4d748f514291990bc305968be936","signature":"_login"},
	{"flags":64,"id":"37941ec7035f4a31b130813c86a243a0","signature":"_resetPassword"},
	{"flags":0,"id":"61edc992482d4376b129d56f43ebe85e","signature":"_schema/A"},
	{"flags":0,"id":"87a7658b03ec414b91613d9a54c2a360","signature":"_schema/Abbr"},
	{"flags":0,"id":"914e10e729804dc293483b690a22696d","signature":"_schema/AbstractFile"},
	{"flags":0,"id":"d8d3ce9b37d941ffbcf0d1b839378cef","signature":"_schema/AbstractFile/AbstractFile"},
	{"flags":0,"id":"c6d28d7d6bfb4eb5ae60ada1d08c9daf","signature":"_schema/AbstractFile/Folder"},
	{"flags":0,"id":"f47730a36cb846c2a69429a9e6339751","signature":"_schema/AbstractMinifiedFile"},
	{"flags":0,"id":"f90e57c80848482da50165f60c2d2046","signature":"_schema/AbstractMinifiedFile/File"},
	{"flags":0,"id":"c3c7efabd4274666b5cd8ae96f317ae2","signature":"_schema/Address"},
	{"flags":0,"id":"6edca860dcbc4c0cb58d8e4721eef237","signature":"_schema/ApplicationConfigurationDataNode"},
	{"flags":0,"id":"2246ff2e92ff46d5801f26cd17ec137b","signature":"_schema/Area"},
	{"flags":0,"id":"8e4697e15de749939a01b5b58e7df482","signature":"_schema/Article"},
	{"flags":0,"id":"29e5548f4feb4c8b941db6c57d3d21cf","signature":"_schema/Aside"},
	{"flags":0,"id":"0fb827b6b3644b0c9b9a449d2c87247b","signature":"_schema/Audio"},
	{"flags":0,"id":"65fe3a3d3370442588184cbf21519bec","signature":"_schema/B"},
	{"flags":0,"id":"72e7a3b341bc4ddc97fafeac31eea98d","signature":"_schema/Base"},
	{"flags":0,"id":"8b6b44cd15514444974f51f6e21fdcaa","signature":"_schema/Bdi"},
	{"flags":0,"id":"93b2c8b3c035487db48aac90ffadcb99","signature":"_schema/Bdo"},
	{"flags":0,"id":"4de71fb0d7d74b86be72ddfb7a706816","signature":"_schema/Blockquote"},
	{"flags":0,"id":"a35c77350561463d8ee80a4f76ef1cf1","signature":"_schema/Body"},
	{"flags":0,"id":"db0e120eefef4aa09cd343e8cda5e3a6","signature":"_schema/Br"},
	{"flags":0,"id":"85e83135e1f8453d97c3085cf7f06bfb","signature":"_schema/Button"},
	{"flags":0,"id":"72791d48997f44fc8fbbde0078d8bbe8","signature":"_schema/Canvas"},
	{"flags":0,"id":"c95f68a714504116a763f383dd22558c","signature":"_schema/Caption"},
	{"flags":0,"id":"908a6bdab2474adfb3494935aae2cee0","signature":"_schema/Cdata"},
	{"flags":0,"id":"429ec2fe7fb148c4b4bd3c98987141cc","signature":"_schema/Cite"},
	{"flags":0,"id":"34cde24f753d4915b107e6a256f1d785","signature":"_schema/Code"},
	{"flags":0,"id":"bef4a5ee79ac4b4bbe2b593ff6c83aa2","signature":"_schema/Col"},
	{"flags":0,"id":"aeb55098db0f48c3b392e76782ce966a","signature":"_schema/Colgroup"},
	{"flags":0,"id":"180c10f3a06e4538bb4ea24818f4373f","signature":"_schema/Command"},
	{"flags":0,"id":"696103a745dd474fa86c66a1f76970ae","signature":"_schema/Comment"},
	{"flags":0,"id":"1f816a3409da4ad4a21ef60147474651","signature":"_schema/Component"},
	{"flags":0,"id":"6ad69d6d09f04e9fa11f97be671907c5","signature":"_schema/ConceptGroup"},
	{"flags":0,"id":"b11815e1d19a467dbbab7e8d21ab2c71","signature":"_schema/ConceptGroup/ConceptGroup"},
	{"flags":0,"id":"253bc75e84694f56a8e5861bdb70bd40","signature":"_schema/ConceptGroup/ConceptGroupLabel"},
	{"flags":0,"id":"8ac6aeaece714093b9d4af63ccd267bf","signature":"_schema/ConceptGroup/Thesaurus"},
	{"flags":0,"id":"db4f1ab443df4b0d9d199651ddb4e470","signature":"_schema/ConceptGroup/ThesaurusConcept"},
	{"flags":0,"id":"b09f32d088654fcd9705f986ca8d0a88","signature":"_schema/ConceptGroupLabel"},
	{"flags":0,"id":"9586473632c846bc9c9b470ab690c0ef","signature":"_schema/ConceptGroupLabel/ConceptGroup"},
	{"flags":0,"id":"a9c4e13c434046bdabd9d1afc591b952","signature":"_schema/ContactRequest"},
	{"flags":0,"id":"a54869fa215b4c23a9a831ab7e8232b5","signature":"_schema/Content"},
	{"flags":0,"id":"ccc2b8239e2f4521963c2f94f958302f","signature":"_schema/ContentContainer"},
	{"flags":0,"id":"a3fe1024edcf4dd68a3b660b6c15fab3","signature":"_schema/ContentContainer/ContentContainer"},
	{"flags":0,"id":"72838b4af89b41028f25851856bae2ae","signature":"_schema/ContentContainer/ContentItem"},
	{"flags":0,"id":"48ce011db1bc4696b1a2bbddda3e2171","signature":"_schema/ContentItem"},
	{"flags":0,"id":"f03938bc2cb84adb97c9d38ca357d47a","signature":"_schema/ContentItem/ContentContainer"},
	{"flags":0,"id":"4339a851dcf64857bb705a41bb831cf6","signature":"_schema/CsvFile"},
	{"flags":0,"id":"a85784dfacf845cbacba16a0e4fa8bec","signature":"_schema/CustomConceptAttribute"},
	{"flags":0,"id":"e8a2c8aff44f4b1d9122a50986d07628","signature":"_schema/CustomConceptAttribute/ThesaurusConcept"},
	{"flags":0,"id":"c97b38e1d9c647879745e86dfb32bced","signature":"_schema/CustomNote"},
	{"flags":0,"id":"320d7381ec9046e4b63320c3447439df","signature":"_schema/CustomNote/ThesaurusConcept"},
	{"flags":0,"id":"e5fb94392c114d15927b5b33dfa85d2e","signature":"_schema/CustomTermAttribute"},
	{"flags":0,"id":"cf1434378b014ee98c8423d473f2a20b","signature":"_schema/CustomTermAttribute/ThesaurusTerm"},
	{"flags":0,"id":"acbe663f6fa446efba05c0c90f3953cb","signature":"_schema/DOMElement"},
	{"flags":0,"id":"cb81b83cd41b471eb175b039334a21bf","signature":"_schema/DOMNode"},
	{"flags":0,"id":"445763c0c6d049f6966ab180f52f4c90","signature":"_schema/DOMNode/DOMNode"},
	{"flags":0,"id":"1d77b0756bea46049c0f163d07122e4d","signature":"_schema/DOMNode/Page"},
	{"flags":0,"id":"9cc8fb8a592e48339fe7e9eac18d488f","signature":"_schema/DataFeed"},
	{"flags":0,"id":"551e28a044f846b3b036a380e040991e","signature":"_schema/DataFeed/FeedItem"},
	{"flags":0,"id":"0ceaed6f615d416a818fadaeafe74a79","signature":"_schema/Datalist"},
	{"flags":0,"id":"9ff656fd1d0340118d85102369b5c43d","signature":"_schema/Dd"},
	{"flags":0,"id":"93ea94110765403fa240b43a84c26465","signature":"_schema/Definition"},
	{"flags":0,"id":"d486437eb4254825a09a9a83f012f989","signature":"_schema/Definition/ThesaurusTerm"},
	{"flags":0,"id":"1b0e4dd2bf714093a161fa95eb842a5e","signature":"_schema/Del"},
	{"flags":0,"id":"6b52e4ae48274c2992badc1ad8ad0b1b","signature":"_schema/Details"},
	{"flags":0,"id":"18c40c1b4d8747fd86587a08b9558ad0","signature":"_schema/Dfn"},
	{"flags":0,"id":"8fc39e6421c94a9cadaf0b1bee45b458","signature":"_schema/Div"},
	{"flags":0,"id":"a946174b28a14bd79423ca932c1f0477","signature":"_schema/Dl"},
	{"flags":0,"id":"1d5c3eaeb14f4228b4b37391b5d39de1","signature":"_schema/DocumentFragment"},
	{"flags":0,"id":"59ee38e26f1549218630935182c9079e","signature":"_schema/Dt"},
	{"flags":0,"id":"311a0bc10d5c4fe3806a52637ccd2519","signature":"_schema/EMailMessage"},
	{"flags":0,"id":"005943fc262f4da7940851859159c9a5","signature":"_schema/EMailMessage/File"},
	{"flags":0,"id":"7d8b712639fd42a484a8234c87a6a0f4","signature":"_schema/EMailMessage/Mailbox"},
	{"flags":0,"id":"9c305936525d4f30a2eca63e08f10ac3","signature":"_schema/EditorialNote"},
	{"flags":0,"id":"ef41403fedc64ae19c40acdd9dc8e21c","signature":"_schema/EditorialNote/ThesaurusTerm"},
	{"flags":0,"id":"45a63db049c844c48f861951ba3ee995","signature":"_schema/Em"},
	{"flags":0,"id":"c117dcf9df2246f893f2a6283bb32d80","signature":"_schema/Embed"},
	{"flags":0,"id":"ca6054ef739a498a90549d7e1efb4292","signature":"_schema/Favoritable"},
	{"flags":0,"id":"2ab186b55b87493b8f7f220cb09af036","signature":"_schema/Favoritable/Principal"},
	{"flags":0,"id":"0a655a15ff2647b38bb14fe36b638226","signature":"_schema/FeedItem"},
	{"flags":0,"id":"bdfd479462154ce29354134ad2d73914","signature":"_schema/FeedItem/DataFeed"},
	{"flags":0,"id":"d9182f75c5a943cc995819a54c45da19","signature":"_schema/FeedItem/FeedItemContent"},
	{"flags":0,"id":"d77c706294714ae08843bdfcc6af5f87","signature":"_schema/FeedItem/FeedItemEnclosure"},
	{"flags":0,"id":"dcbdde645a9f4ec0b0b206f22a36b2fb","signature":"_schema/FeedItemContent"},
	{"flags":0,"id":"a1552028c5da409bbf2c09355e24f60e","signature":"_schema/FeedItemContent/FeedItem"},
	{"flags":0,"id":"eb35de2928ef4926a3da53c34ee76f8f","signature":"_schema/FeedItemEnclosure"},
	{"flags":0,"id":"ade01ab3640440cea7fc86cda6f3a4ea","signature":"_schema/FeedItemEnclosure/FeedItem"},
	{"flags":0,"id":"598c8cc645e84acf916de14f8fdd801a","signature":"_schema/FeedbackMessage"},
	{"flags":0,"id":"8033790d6ad145eab8ba1271be15f729","signature":"_schema/FeedbackMessage/SoftwareApplication"},
	{"flags":0,"id":"e853dc0e880240e09200d3c4c4e2d282","signature":"_schema/Fieldset"},
	{"flags":0,"id":"2429f75f14464a8a97599ec0c3d553c0","signature":"_schema/Figcaption"},
	{"flags":0,"id":"9675bac51e7841a48bca3f35591a3bed","signature":"_schema/Figure"},
	{"flags":0,"id":"f1fc44347fd0471da7b13814ab737603","signature":"_schema/File"},
	{"flags":0,"id":"77fa284df17246da81e9ba6f8f7bd7a3","signature":"_schema/File/AbstractMinifiedFile"},
	{"flags":0,"id":"8121bc64f87d4d9bb273759d67217043","signature":"_schema/File/EMailMessage"},
	{"flags":0,"id":"91004333ecfc47e8a55b50de7a104ebd","signature":"_schema/File/Folder"},
	{"flags":0,"id":"0edd2bd8eedd4758b7b4d33a93573b00","signature":"_schema/File/ODFExporter"},
	{"flags":0,"id":"cf19bbee21db43b29ea7b0b2f94bb4fd","signature":"_schema/Folder"},
	{"flags":0,"id":"8f284079e40d4b638fce99481d93b8b3","signature":"_schema/Folder/AbstractFile"},
	{"flags":0,"id":"d54db15b00f84b79836d22cf909ca08b","signature":"_schema/Folder/File"},
	{"flags":0,"id":"489827fbe9ab41339e8e91cced29f145","signature":"_schema/Folder/Folder"},
	{"flags":0,"id":"b86c4baeaa764b0494c6d5d4c3ae0823","signature":"_schema/Folder/Image"},
	{"flags":0,"id":"ea29b7f7dc284c69a72663666c2450f2","signature":"_schema/Folder/User"},
	{"flags":0,"id":"3c701f5b81f44b44942ba74f3ef7f7da","signature":"_schema/Footer"},
	{"flags":0,"id":"20dd49d7e3194527b42ffb32ced81fc4","signature":"_schema/Form"},
	{"flags":0,"id":"d84542a927c0417c879d78ed07ff867e","signature":"_schema/G"},
	{"flags":0,"id":"240ee069cdb9464b9935d82831b44f95","signature":"_schema/Group"},
	{"flags":0,"id":"960f83980be448c9ab7697f473bd8cb6","signature":"_schema/Group/Principal"},
	{"flags":0,"id":"67e06326d0a94a0ca7c68679c117c6c3","signature":"_schema/H1"},
	{"flags":0,"id":"52ca91e147cb4caca71fd4c90db16043","signature":"_schema/H2"},
	{"flags":0,"id":"33b0eac8477d446d8a594b714575d26b","signature":"_schema/H3"},
	{"flags":0,"id":"83138ead94bb43a98f3abed7ceefe6c2","signature":"_schema/H4"},
	{"flags":0,"id":"61b0cd67b32045d4bac5bd0ff615752f","signature":"_schema/H5"},
	{"flags":0,"id":"9fac5ff7c08e4bd89580a5aa21d3e79e","signature":"_schema/H6"},
	{"flags":0,"id":"8115c58b79e4482386be344192adf5db","signature":"_schema/Head"},
	{"flags":0,"id":"0ec707455a0245789962d5e9883cf199","signature":"_schema/Header"},
	{"flags":0,"id":"dc60eb93de184ad1b68bc2ad1512bde5","signature":"_schema/Hgroup"},
	{"flags":0,"id":"03323985e2c94d3ca6ac02d5cd12d74d","signature":"_schema/HistoryNote"},
	{"flags":0,"id":"9349ff09ec2a4286bc57b44e5266d09c","signature":"_schema/HistoryNote/ThesaurusConcept"},
	{"flags":0,"id":"5da54aab3bf94401adb06bb8b844af2a","signature":"_schema/HistoryNote/ThesaurusTerm"},
	{"flags":0,"id":"96a1cece87e14abe90f92d99cf5db9d0","signature":"_schema/Hr"},
	{"flags":0,"id":"d29223408f214e10b649b523ba53ac9c","signature":"_schema/Html"},
	{"flags":0,"id":"7e1ee102022d4ad7a4a329c1cfbc6d75","signature":"_schema/I"},
	{"flags":0,"id":"2da057c767804298ad54b1ef247f6447","signature":"_schema/Iframe"},
	{"flags":0,"id":"027b58de5613432d931ea21103672b0c","signature":"_schema/Image"},
	{"flags":0,"id":"1335b649f6b14e05aa36042c59f869c4","signature":"_schema/Image/Folder"},
	{"flags":0,"id":"efe0e3d3d10b4b59ab7695bfbfc11deb","signature":"_schema/Image/Image"},
	{"flags":0,"id":"8438c985307a4184a44164d9504b58b5","signature":"_schema/Image/User"},
	{"flags":0,"id":"2ef17789f2554d689523e2b2d34f3ab9","signature":"_schema/Image/VideoFile"},
	{"flags":0,"id":"9da889c94ee145ffb913f3b6f2b8e925","signature":"_schema/Image/Widget"},
	{"flags":0,"id":"e12f1b8c52ac4c999fe3db9b152b14e5","signature":"_schema/Img"},
	{"flags":0,"id":"6452a04939564fc985a6feb40609cbf5","signature":"_schema/Indexable"},
	{"flags":0,"id":"ec4e0e790da1463ca2ab99807749d4e0","signature":"_schema/Indexable/IndexedWord"},
	{"flags":0,"id":"efa9adff0f8643fb9570d1e18eb94f16","signature":"_schema/IndexedWord"},
	{"flags":0,"id":"43761e60c5c0403ead72c867a5653662","signature":"_schema/IndexedWord/Indexable"},
	{"flags":0,"id":"0eaeaebd114e436b89e53d1f3eaa9ce9","signature":"_schema/Input"},
	{"flags":0,"id":"1c854ed8eb2c453f8d249a86c4c2f71c","signature":"_schema/Ins"},
	{"flags":0,"id":"1e3122414cca4b96bbf852a558db14d5","signature":"_schema/JavaScriptSource"},
	{"flags":0,"id":"90218f8cbe224da6a484a22923d07d0e","signature":"_schema/KafkaClient"},
	{"flags":0,"id":"0478217791704398aab4014bf9c85cba","signature":"_schema/Kbd"},
	{"flags":0,"id":"76700d74f1c0435a85d805bcbdc1f1c0","signature":"_schema/Keygen"},
	{"flags":0,"id":"fa831f2f06a64379b1a055a0854383b9","signature":"_schema/LDAPGroup"},
	{"flags":0,"id":"d0da5a9f2bae4fb79c1193e53110005b","signature":"_schema/LDAPUser"},
	{"flags":0,"id":"95a306c40b384099a6176de8d4146763","signature":"_schema/Label"},
	{"flags":0,"id":"93f899ea35f14a0597214667329fcfef","signature":"_schema/Legend"},
	{"flags":0,"id":"3e2f84a8d3a34d4a948f095c0a63b6d0","signature":"_schema/Li"},
	{"flags":0,"id":"771e69b0cd44439a85ac026097d21eca","signature":"_schema/Link"},
	{"flags":0,"id":"28ee3e4b2c4d445e9633cea01cab6d54","signature":"_schema/LinkSource"},
	{"flags":0,"id":"498d22f234884694990bac474cef1c16","signature":"_schema/LinkSource/Linkable"},
	{"flags":0,"id":"9a74737cf2e8436da01b39e9f7f61911","signature":"_schema/Linkable"},
	{"flags":0,"id":"9cfae19857d4416ba252f8a9cf1608df","signature":"_schema/Linkable/LinkSource"},
	{"flags":0,"id":"3ed46aa1dd75427a94e6e75d5bdd76ba","signature":"_schema/Localization"},
	{"flags":0,"id":"df2902d5864f4586bf838ca12bb815f7","signature":"_schema/Location"},
	{"flags":0,"id":"64c0661a46e048ce90b37a562b1528a6","signature":"_schema/MQTTClient"},
	{"flags":0,"id":"d868e5850f424605a9dfe00e3c64290b","signature":"_schema/MailTemplate"},
	{"flags":0,"id":"e4216acfcaa245f5922d4b724ab065dd","signature":"_schema/Mailbox"},
	{"flags":0,"id":"52511880cb144a0385b1799a53e55824","signature":"_schema/Mailbox/EMailMessage"},
	{"flags":0,"id":"966a2aa043644694915aaf5da6d0ef9b","signature":"_schema/Main"},
	{"flags":0,"id":"6e3783be12084008932ffa2f5d3be1ae","signature":"_schema/Map"},
	{"flags":0,"id":"a18fba0e859c490d9ee6ca13ef7b27e4","signature":"_schema/Mark"},
	{"flags":0,"id":"84af3d01465e4a649b2e76cc56fb58d0","signature":"_schema/Menu"},
	{"flags":0,"id":"5aa0be8017fa4ea19ec44d440413b140","signature":"_schema/MessageClient"},
	{"flags":0,"id":"56085d3d7a834964b93557725a5baf18","signature":"_schema/MessageClient/MessageSubscriber"},
	{"flags":0,"id":"2743a009453644b3b1f16b41ccd8b7b4","signature":"_schema/MessageSubscriber"},
	{"flags":0,"id":"d89167f6011c4b17b60a3deb3e8a76c2","signature":"_schema/MessageSubscriber/MessageClient"},
	{"flags":0,"id":"f85dd5b58841488fba66e5e5aaee9a69","signature":"_schema/Meta"},
	{"flags":0,"id":"5d0daad166eb42548a367a365948a66c","signature":"_schema/MetadataNode"},
	{"flags":0,"id":"b268a6e4b277462fad7f8c7fed0075f3","signature":"_schema/MetadataNode/StructuredDocument"},
	{"flags":0,"id":"14e5e52fcaa544818da3e1383ecf7ac4","signature":"_schema/Meter"},
	{"flags":0,"id":"cb7dc74cb9b6435d97d5656a09eed38c","signature":"_schema/MinifiedCssFile"},
	{"flags":0,"id":"049386a832b94eb58b1e639a8298576b","signature":"_schema/MinifiedJavaScriptFile"},
	{"flags":0,"id":"204c44147a8441efb7fd4cd955658cc6","signature":"_schema/Nav"},
	{"flags":0,"id":"2b1f9e07a1b9487c8fa10d296f6dbe6d","signature":"_schema/NewsArticle"},
	{"flags":0,"id":"90f246e4ec884845b86ffbfebc9d3a13","signature":"_schema/NewsArticle/ProjectMember"},
	{"flags":0,"id":"60d10afe0809492f809c41a0f441ceab","signature":"_schema/NodeLabel"},
	{"flags":0,"id":"cee55fb058804eec9a00913f49374e0d","signature":"_schema/NodeLabel/ThesaurusArray"},
	{"flags":0,"id":"7af36d8cc78246b0b0209a7e7a056cf5","signature":"_schema/Noscript"},
	{"flags":0,"id":"7f3cb5e1665b4e29be672f6bc48b7947","signature":"_schema/Note"},
	{"flags":0,"id":"0907241f7f7649c1b1366729d01a77b1","signature":"_schema/Note/ThesaurusConcept"},
	{"flags":0,"id":"f7fbe7b317f246138b147fff02611e91","signature":"_schema/ODFExporter"},
	{"flags":0,"id":"fe0dd3c1727147e0a573a10dd760599a","signature":"_schema/ODFExporter/File"},
	{"flags":0,"id":"1bc41e05b8ed4e7a9308c1384938d9b3","signature":"_schema/ODFExporter/VirtualType"},
	{"flags":0,"id":"937882fdf3f24000a5928c6fb370651b","signature":"_schema/ODSExporter"},
	{"flags":0,"id":"69bfa47af9e54893b9c2467bdb34cab9","signature":"_schema/ODTExporter"},
	{"flags":0,"id":"618f77054ccb4022b3fb2298dce6713f","signature":"_schema/Object"},
	{"flags":0,"id":"8c616b08d86848b8b8ca9f3ad470f88a","signature":"_schema/Ol"},
	{"flags":0,"id":"e344ef9b72364e82ae22f381e7706be6","signature":"_schema/Optgroup"},
	{"flags":0,"id":"27efbedb7b554fbe827a50002a433b86","signature":"_schema/Option"},
	{"flags":0,"id":"d229e0b2a84f4358970c65007d78e41c","signature":"_schema/Organisation"},
	{"flags":0,"id":"1c22ad38ed8f4ec2b876c860c29328b6","signature":"_schema/Organisation/SoftwareApplication"},
	{"flags":0,"id":"73615298f8e94843bb6ed4e28e261b1c","signature":"_schema/Output"},
	{"flags":0,"id":"1ba52bb0d75e4128a73a2f904da797a5","signature":"_schema/P"},
	{"flags":0,"id":"e636ff83c2fd4ed8ae50dee35faa51de","signature":"_schema/Page"},
	{"flags":0,"id":"94ab8864ba4e40bbb6fbc9da7854f0cd","signature":"_schema/Page/DOMNode"},
	{"flags":0,"id":"fd0e8e22ac134c77bdd607ab1cab719d","signature":"_schema/Page/Site"},
	{"flags":0,"id":"12ae93e1ef224883839ed511c68ec343","signature":"_schema/Param"},
	{"flags":0,"id":"25d786923b1a4af7a482631fab93d3d1","signature":"_schema/PaymentItemNode"},
	{"flags":0,"id":"f02e0b02fbe849ff9eb86bf5a8b67b89","signature":"_schema/PaymentItemNode/PaymentNode"},
	{"flags":0,"id":"42ccb572624545eabf28644242ed2df6","signature":"_schema/PaymentNode"},
	{"flags":0,"id":"ab6ed41f6d034ea58ade8103752757c5","signature":"_schema/PaymentNode/PaymentItemNode"},
	{"flags":0,"id":"f35caaf3ab25475aafeb4be4beace7d9","signature":"_schema/Person"},
	{"flags":0,"id":"4881c3419e6b49dbb2318d50e0aa7580","signature":"_schema/Pre"},
	{"flags":0,"id":"b35d0d07b5144073b7f4372824189fac","signature":"_schema/PreferredTerm"},
	{"flags":0,"id":"2cebd866912748f1ba0146123614b2e7","signature":"_schema/PreferredTerm/SimpleNonPreferredTerm"},
	{"flags":0,"id":"7eabcb3a90724ebca5b8d0b6f1e9b0c7","signature":"_schema/PreferredTerm/SplitNonPreferredTerm"},
	{"flags":0,"id":"f28ce3b7307b41e2aa3f9b664ad3ca8b","signature":"_schema/PreferredTerm/ThesaurusConcept"},
	{"flags":0,"id":"f3ab47f2225a4beda97b91a36553733b","signature":"_schema/Principal"},
	{"flags":0,"id":"542786d18c54488ba1dc9348a3b1f710","signature":"_schema/Principal/Favoritable"},
	{"flags":0,"id":"36b75b81fdfe42128b5a304841027907","signature":"_schema/Principal/Group"},
	{"flags":0,"id":"321338cfe2304626b3194feb6772982b","signature":"_schema/Progress"},
	{"flags":0,"id":"5b29fe5334f7469f89fbb739efed2f76","signature":"_schema/ProjectMember"},
	{"flags":0,"id":"05ce6e0cc16c4b168f0d3113256826e6","signature":"_schema/ProjectMember/NewsArticle"},
	{"flags":0,"id":"341f2960184a4aec9c49e8cfdd42cd64","signature":"_schema/Q"},
	{"flags":0,"id":"87064f9a745d4b95ba2908beeaba6dc4","signature":"_schema/RemoteDocument"},
	{"flags":0,"id":"ebb8468d5ede4aa5af96767bc5e9379a","signature":"_schema/Rp"},
	{"flags":0,"id":"5757a507246d479dbb862280fd2e1f76","signature":"_schema/Rt"},
	{"flags":0,"id":"c5ad8e95bf5445089341f383a78850a3","signature":"_schema/Ruby"},
	{"flags":0,"id":"4dd003bc55744656b00496d5a6fb0fd8","signature":"_schema/S"},
	{"flags":0,"id":"cf247dea40b84157aa0d06806067d990","signature":"_schema/Samp"},
	{"flags":0,"id":"edefc067ef12415fad134631be5f8c48","signature":"_schema/ScopeNote"},
	{"flags":0,"id":"8e19bcd1689b42b4b245cc3c3adf8a91","signature":"_schema/ScopeNote/ThesaurusConcept"},
	{"flags":0,"id":"629c125593414895bffefcb30a105f05","signature":"_schema/Script"},
	{"flags":0,"id":"8e4c914a166c400fb25faa60509edeb4","signature":"_schema/Section"},
	{"flags":0,"id":"fd076c37d77c49b7b294f983bfd7b805","signature":"_schema/Select"},
	{"flags":0,"id":"8b1db9df0d084ca7a5da720ae42afc5a","signature":"_schema/ShadowDocument"},
	{"flags":0,"id":"56ead1bbe86a44c292ef3353b23a3483","signature":"_schema/SimpleNonPreferredTerm"},
	{"flags":0,"id":"0023ee574d24481f9486d0e323931866","signature":"_schema/SimpleNonPreferredTerm/PreferredTerm"},
	{"flags":0,"id":"e3a9467b0f384f2bbb78c6a921340124","signature":"_schema/SimpleNonPreferredTerm/ThesaurusConcept"},
	{"flags":0,"id":"d3b7c42673da461f9306955eac6b5c68","signature":"_schema/Site"},
	{"flags":0,"id":"40289760b6c64a908971ce66e431ac2f","signature":"_schema/Site/Page"},
	{"flags":0,"id":"d2d98b2399234d5f9a0de9c6fe924e71","signature":"_schema/Small"},
	{"flags":0,"id":"bf765072e5d440e28f44901a74c75e64","signature":"_schema/SoftwareApplication"},
	{"flags":0,"id":"a07142441afd4e889b35352c73d2d6cf","signature":"_schema/SoftwareApplication/FeedbackMessage"},
	{"flags":0,"id":"31a89794c456403d90ab2da4cb8a495c","signature":"_schema/SoftwareApplication/Organisation"},
	{"flags":0,"id":"22b1b15c37d7458b9402f9266f776727","signature":"_schema/Source"},
	{"flags":0,"id":"4b35138530a040b7b35e3f8d61fe14a3","signature":"_schema/Span"},
	{"flags":0,"id":"53f13d0456b44875b3b11d63e8cf160b","signature":"_schema/SplitNonPreferredTerm"},
	{"flags":0,"id":"fafcf1587cd5408b82d94784838e0379","signature":"_schema/SplitNonPreferredTerm/PreferredTerm"},
	{"flags":0,"id":"5445158effbe436ea675303ab81dda19","signature":"_schema/Strong"},
	{"flags":0,"id":"0752d0729a624c7a8412d78db1d756ba","signature":"_schema/StructuredDocument"},
	{"flags":0,"id":"22240d87ad2e4d37a648507a04004498","signature":"_schema/StructuredDocument/MetadataNode"},
	{"flags":0,"id":"c0d2acc901cc4f8db038328ee42c8295","signature":"_schema/StructuredTextNode"},
	{"flags":0,"id":"aec81e7886634c0780f87cd5d6beac4a","signature":"_schema/StructuredTextNode/StructuredTextNode"},
	{"flags":0,"id":"e25d401f10a541ff90cdda5629072700","signature":"_schema/Style"},
	{"flags":0,"id":"45c66517e82b4f23993fe2ef0b5bef74","signature":"_schema/Sub"},
	{"flags":0,"id":"fc7da7c2019142cdb9b9e0cb424e0bb2","signature":"_schema/Summary"},
	{"flags":0,"id":"aac7a7c28a654858b05d12eb8ced03df","signature":"_schema/Sup"},
	{"flags":0,"id":"f80d4446e5a741a6b797719d1d43ade6","signature":"_schema/Table"},
	{"flags":0,"id":"80d374713f674a19a36efdcdf1873b20","signature":"_schema/Tbody"},
	{"flags":0,"id":"a734dc238cef45779e467c8faccf0828","signature":"_schema/Td"},
	{"flags":0,"id":"412807d651274cedbdbaf7aa2e811d8c","signature":"_schema/Template"},
	{"flags":0,"id":"f418a2a25bb34f379d87e557f8e0f4fb","signature":"_schema/Textarea"},
	{"flags":0,"id":"4c5da0aae872499bbbb4c4ee5db7bd99","signature":"_schema/Tfoot"},
	{"flags":0,"id":"764cce6a0ce04907b1527b60de070da2","signature":"_schema/Th"},
	{"flags":0,"id":"c31ea516b0084bec9f527024fee83209","signature":"_schema/Thead"},
	{"flags":0,"id":"78ac1e2b61b14412b7ae5337c6ab9093","signature":"_schema/Thesaurus"},
	{"flags":0,"id":"394090fb117946178d3e2197c966b751","signature":"_schema/Thesaurus/ConceptGroup"},
	{"flags":0,"id":"c54158c004144e42ad235e1307214098","signature":"_schema/Thesaurus/ThesaurusArray"},
	{"flags":0,"id":"1ff37ffc17bf48cf9d84cd36fc544514","signature":"_schema/Thesaurus/ThesaurusConcept"},
	{"flags":0,"id":"b663a356c851462bbaeda8f9a08ddb31","signature":"_schema/Thesaurus/VersionHistory"},
	{"flags":0,"id":"d609e0c3521a4fdbac0ae37c23daa5f4","signature":"_schema/ThesaurusArray"},
	{"flags":0,"id":"81ee15397b4a42e8a300787daa2785da","signature":"_schema/ThesaurusArray/NodeLabel"},
	{"flags":0,"id":"94b5f25eb8c0475ab5663d9a9c2ffc4f","signature":"_schema/ThesaurusArray/Thesaurus"},
	{"flags":0,"id":"a169ad3dc6e049538d49ad9e254c2b71","signature":"_schema/ThesaurusArray/ThesaurusArray"},
	{"flags":0,"id":"0bcf7fc2626d4d56b6f6dd772f440896","signature":"_schema/ThesaurusArray/ThesaurusConcept"},
	{"flags":0,"id":"b80fa7e0ef204d609334166178cb0512","signature":"_schema/ThesaurusConcept"},
	{"flags":0,"id":"1f35ab7abeb0466299eb3d9392a75037","signature":"_schema/ThesaurusConcept/ConceptGroup"},
	{"flags":0,"id":"088fc31b396e40aeb40cebcb9bd67254","signature":"_schema/ThesaurusConcept/CustomConceptAttribute"},
	{"flags":0,"id":"a6d6c6097ac1477083ca91c2474a5fed","signature":"_schema/ThesaurusConcept/CustomNote"},
	{"flags":0,"id":"3a6a1e0041c64b0685218625d9b9918b","signature":"_schema/ThesaurusConcept/HistoryNote"},
	{"flags":0,"id":"b8ba055ca5a244b98aff310efe82cfe6","signature":"_schema/ThesaurusConcept/Note"},
	{"flags":0,"id":"bbcf5db9a8974d5c96b3c1465642e73b","signature":"_schema/ThesaurusConcept/PreferredTerm"},
	{"flags":0,"id":"307fa01864e94f5c93b681a2638c4083","signature":"_schema/ThesaurusConcept/ScopeNote"},
	{"flags":0,"id":"1a13eff5a3434521b004e020b63a122b","signature":"_schema/ThesaurusConcept/SimpleNonPreferredTerm"},
	{"flags":0,"id":"1d32493275784e69a4c41b96d82c9742","signature":"_schema/ThesaurusConcept/Thesaurus"},
	{"flags":0,"id":"c355510916e74ba882906b6f6e3ee194","signature":"_schema/ThesaurusConcept/ThesaurusArray"},
	{"flags":0,"id":"f25d2ebe0774497f86bd1c949bd4558a","signature":"_schema/ThesaurusConcept/ThesaurusConcept"},
	{"flags":0,"id":"2981a921cde14c0eb59783f9046de729","signature":"_schema/ThesaurusTerm"},
	{"flags":0,"id":"890964727846460690a5b89a22ae625b","signature":"_schema/ThesaurusTerm/CustomTermAttribute"},
	{"flags":0,"id":"805f38a7142a4b8c9b69f7135b491621","signature":"_schema/ThesaurusTerm/Definition"},
	{"flags":0,"id":"aa0782023b634aef84091e8079538ebb","signature":"_schema/ThesaurusTerm/EditorialNote"},
	{"flags":0,"id":"6368cee3e1724ee98e7eaea021d2dd98","signature":"_schema/ThesaurusTerm/HistoryNote"},
	{"flags":0,"id":"6ea66784c6b64a818ec05ed607b3e26c","signature":"_schema/Time"},
	{"flags":0,"id":"2d2e53e6d3fc45cea42d87a6406ef8ba","signature":"_schema/Title"},
	{"flags":0,"id":"734cf747a6f048a68bec55ae7b9fd3fc","signature":"_schema/Tr"},
	{"flags":0,"id":"ae33b98a8228493985e8bc89898db362","signature":"_schema/Track"},
	{"flags":0,"id":"4dd74bfa2ac74868ad9ed212a3e90a1d","signature":"_schema/Trash"},
	{"flags":0,"id":"bff2efecd0154e96ac97adbb31111c9f","signature":"_schema/U"},
	{"flags":0,"id":"19b4de647a894f609ad0c23324d2189f","signature":"_schema/Ul"},
	{"flags":0,"id":"cd0e68f725714c4d954ac06aa6eb6081","signature":"_schema/User"},
	{"flags":0,"id":"c669debcdce240f2af503f40a22f5292","signature":"_schema/User/Folder"},
	{"flags":0,"id":"937e1790bee44cba9f0351194cdf3a5f","signature":"_schema/User/Image"},
	{"flags":0,"id":"db74e8d2c9a44067925589c8dab8121f","signature":"_schema/Var"},
	{"flags":0,"id":"eca58074add545c4819db6f24b35843d","signature":"_schema/VersionHistory"},
	{"flags":0,"id":"f7cfd9a167204e78b11210c68cedc16f","signature":"_schema/VersionHistory/Thesaurus"},
	{"flags":0,"id":"054f06fe4d0149e5b3277ddecfe11ed1","signature":"_schema/Video"},
	{"flags":0,"id":"529d63128f2f4f46b7b0be7aafd5f055","signature":"_schema/VideoArticle"},
	{"flags":0,"id":"98963b1f63824a669b2d2f6583963330","signature":"_schema/VideoFile"},
	{"flags":0,"id":"a259729ed7604ee19c9c668320b6f9c0","signature":"_schema/VideoFile/Image"},
	{"flags":0,"id":"b7e658d1e6dd4ef592633d000b006316","signature":"_schema/VideoFile/VideoFile"},
	{"flags":0,"id":"28a5900072824f608d81c71baa2914fd","signature":"_schema/VirtualProperty"},
	{"flags":0,"id":"bf6a8ea456d74060b257ecd51d88dc88","signature":"_schema/VirtualProperty/VirtualType"},
	{"flags":0,"id":"af2459a97a164c00a6a1e30c6b21048a","signature":"_schema/VirtualType"},
	{"flags":0,"id":"8b5c5f3f5c9f45ad93f03875176d49ad","signature":"_schema/VirtualType/ODFExporter"},
	{"flags":0,"id":"5e356bb6ba0841cabdc4fb16be7bfb30","signature":"_schema/VirtualType/VirtualProperty"},
	{"flags":0,"id":"fecf1e98947a42f393a717ff9e47c96d","signature":"_schema/Wbr"},
	{"flags":0,"id":"6fafd84780ef4f38a8896d25208a61d3","signature":"_schema/Widget"},
	{"flags":0,"id":"d7d5ee08b45046838b980c9b8ad55b73","signature":"_schema/Widget/Image"},
	{"flags":0,"id":"d9f8ae7f1c7c442db3cfb8e9f57ff571","signature":"_schema/XMPPClient"},
	{"flags":0,"id":"8a9126b308ae4a628db444bc0fec759b","signature":"_schema/XMPPClient/XMPPRequest"},
	{"flags":0,"id":"421952a710c348eaa695965e81aa27e8","signature":"_schema/XMPPRequest"},
	{"flags":0,"id":"e5fd5c3b31634e9f9d02df3df447e0b9","signature":"_schema/XMPPRequest/XMPPClient"}
]